feature,regime,start,end,mean_ic,ic_sharpe,sign_stability,n
ret_1m,full 2008-2026,2008-01-01,2026-04-24,-0.008775298103396877,-0.8115361968181237,0.49159663865546216,238
ret_1m,train 2008-2018,2008-01-01,2018-12-31,-0.010534433495971484,-0.7615972063039309,0.4791666666666667,144
ret_1m,holdout 2019-2026,2019-01-01,2026-04-24,-0.006080452395623018,-0.3489466874792547,0.5106382978723404,94
ret_1m,2008 financial crisis,2008-01-01,2009-12-31,-0.008934570514066723,-0.2162965054742984,0.46153846153846156,26
ret_1m,2015-16 vol stress,2015-06-01,2016-12-31,0.024257744496231297,0.6713161106540927,0.5238095238095238,21
ret_1m,2020 COVID,2020-01-01,2020-12-31,0.03716201326873724,0.7109804545788707,0.6923076923076923,13
ret_1m,2022 bear market,2022-01-01,2022-12-31,-0.053715114689449554,-0.956413441287823,0.38461538461538464,13
ret_1m,recovery 2023-2026,2023-01-01,2026-04-24,0.02941989179800762,1.3765423023006371,0.6190476190476191,42
ret_3m,full 2008-2026,2008-01-01,2026-04-24,-0.007908412889165748,-0.6659768708291643,0.5168067226890757,238
ret_3m,train 2008-2018,2008-01-01,2018-12-31,-0.007433202812085431,-0.5026907649153072,0.5138888888888888,144
ret_3m,holdout 2019-2026,2019-01-01,2026-04-24,-0.008636394283841978,-0.434646020555785,0.5212765957446809,94
ret_3m,2008 financial crisis,2008-01-01,2009-12-31,-0.03656593792160078,-0.7712800554908076,0.46153846153846156,26
ret_3m,2015-16 vol stress,2015-06-01,2016-12-31,-0.025604806123540585,-0.9857755997896248,0.47619047619047616,21
ret_3m,2020 COVID,2020-01-01,2020-12-31,0.05793534237941856,0.8809859537211174,0.8461538461538461,13
ret_3m,2022 bear market,2022-01-01,2022-12-31,-0.03366332352705119,-0.6245197300631439,0.5384615384615384,13
ret_3m,recovery 2023-2026,2023-01-01,2026-04-24,-0.00672049539305752,-0.24064067684288803,0.5,42
ret_6m,full 2008-2026,2008-01-01,2026-04-24,-0.005072614375086768,-0.38062245078539564,0.5294117647058824,238
ret_6m,train 2008-2018,2008-01-01,2018-12-31,-0.009948717582599602,-0.598456684227086,0.5,144
ret_6m,holdout 2019-2026,2019-01-01,2026-04-24,0.0023971607513158764,0.10784706226957494,0.574468085106383,94
ret_6m,2008 financial crisis,2008-01-01,2009-12-31,-0.05716765328181345,-1.0880959224384568,0.4230769230769231,26
ret_6m,2015-16 vol stress,2015-06-01,2016-12-31,0.006147809677597126,0.18858349505645042,0.5238095238095238,21
ret_6m,2020 COVID,2020-01-01,2020-12-31,0.087271387872458,1.0723498247091177,0.7692307692307693,13
ret_6m,2022 bear market,2022-01-01,2022-12-31,-0.011308164875798431,-0.19056964070704682,0.5384615384615384,13
ret_6m,recovery 2023-2026,2023-01-01,2026-04-24,0.01762500078732355,0.6303234617213312,0.5714285714285714,42
ret_12m,full 2008-2026,2008-01-01,2026-04-24,-0.0021358092567019173,-0.14598747975254153,0.5462184873949579,238
ret_12m,train 2008-2018,2008-01-01,2018-12-31,-0.013078017500485197,-0.7067256300032965,0.5208333333333334,144
ret_12m,holdout 2019-2026,2019-01-01,2026-04-24,0.014626722521008634,0.6129520101681031,0.5851063829787234,94
ret_12m,2008 financial crisis,2008-01-01,2009-12-31,-0.07454089848209511,-1.2435781219241737,0.5,26
ret_12m,2015-16 vol stress,2015-06-01,2016-12-31,-0.05280924839782688,-1.1226705447515164,0.38095238095238093,21
ret_12m,2020 COVID,2020-01-01,2020-12-31,0.045697806175687306,0.505436133211724,0.6923076923076923,13
ret_12m,2022 bear market,2022-01-01,2022-12-31,0.006500623631728721,0.10818603494280053,0.6153846153846154,13
ret_12m,recovery 2023-2026,2023-01-01,2026-04-24,0.044138012653970875,1.3754471368577823,0.6428571428571429,42
ret_12m_ex_1m,full 2008-2026,2008-01-01,2026-04-24,-0.0018846389981383746,-0.13171016020860224,0.5462184873949579,238
ret_12m_ex_1m,train 2008-2018,2008-01-01,2018-12-31,-0.012910150588659535,-0.7226456079962398,0.5277777777777778,144
ret_12m_ex_1m,holdout 2019-2026,2019-01-01,2026-04-24,0.01500550641712809,0.6317201070009782,0.574468085106383,94
ret_12m_ex_1m,2008 financial crisis,2008-01-01,2009-12-31,-0.07727413825143634,-1.3473097160394043,0.5,26
ret_12m_ex_1m,2015-16 vol stress,2015-06-01,2016-12-31,-0.06318523214365047,-1.301109677024051,0.38095238095238093,21
ret_12m_ex_1m,2020 COVID,2020-01-01,2020-12-31,0.03603804252010957,0.3847957685352139,0.6923076923076923,13
ret_12m_ex_1m,2022 bear market,2022-01-01,2022-12-31,0.00967117688872803,0.18144299955013174,0.6153846153846154,13
ret_12m_ex_1m,recovery 2023-2026,2023-01-01,2026-04-24,0.03704853092018813,1.1176139234083335,0.6190476190476191,42
above_50dma,full 2008-2026,2008-01-01,2026-04-24,-0.007881619919801158,-0.8830491831479459,0.5210084033613446,238
above_50dma,train 2008-2018,2008-01-01,2018-12-31,-0.007909339488362779,-0.6732716692133519,0.5069444444444444,144
above_50dma,holdout 2019-2026,2019-01-01,2026-04-24,-0.007839155899876979,-0.5703098676382995,0.5425531914893617,94
above_50dma,2008 financial crisis,2008-01-01,2009-12-31,-0.02900630636420942,-0.9864110082754307,0.38461538461538464,26
above_50dma,2015-16 vol stress,2015-06-01,2016-12-31,-0.001235737582029284,-0.04585998216555599,0.47619047619047616,21
above_50dma,2020 COVID,2020-01-01,2020-12-31,0.02242596041928793,0.6580695185436035,0.6923076923076923,13
above_50dma,2022 bear market,2022-01-01,2022-12-31,-0.040708444539791236,-0.8356590428295604,0.38461538461538464,13
above_50dma,recovery 2023-2026,2023-01-01,2026-04-24,0.012218765436730889,0.6775727187680003,0.6428571428571429,42
above_200dma,full 2008-2026,2008-01-01,2026-04-24,-0.003071711003622214,-0.28493281403775333,0.5210084033613446,238
above_200dma,train 2008-2018,2008-01-01,2018-12-31,-0.0076770329550901635,-0.573287594167474,0.5138888888888888,144
above_200dma,holdout 2019-2026,2019-01-01,2026-04-24,0.003983250283732948,0.22041331697927002,0.5319148936170213,94
above_200dma,2008 financial crisis,2008-01-01,2009-12-31,-0.03965634539614131,-1.1072413345663767,0.34615384615384615,26
above_200dma,2015-16 vol stress,2015-06-01,2016-12-31,-0.004277193332390691,-0.1310630285202758,0.5714285714285714,21
above_200dma,2020 COVID,2020-01-01,2020-12-31,0.04529210474844303,0.6553606071593459,0.5384615384615384,13
above_200dma,2022 bear market,2022-01-01,2022-12-31,-0.005874883117217686,-0.11388736575680838,0.6153846153846154,13
above_200dma,recovery 2023-2026,2023-01-01,2026-04-24,0.011134807208494543,0.4692869575521984,0.5238095238095238,42
ma_50_200_ratio,full 2008-2026,2008-01-01,2026-04-24,-0.004498958989978224,-0.32748834307188546,0.5462184873949579,238
ma_50_200_ratio,train 2008-2018,2008-01-01,2018-12-31,-0.012410895109099642,-0.7439821721388878,0.5277777777777778,144
ma_50_200_ratio,holdout 2019-2026,2019-01-01,2026-04-24,0.0076214537882503125,0.3221764238815485,0.574468085106383,94
ma_50_200_ratio,2008 financial crisis,2008-01-01,2009-12-31,-0.061641007414880135,-1.1639024585390698,0.46153846153846156,26
ma_50_200_ratio,2015-16 vol stress,2015-06-01,2016-12-31,-0.02485537997961863,-0.6381622735649076,0.5238095238095238,21
ma_50_200_ratio,2020 COVID,2020-01-01,2020-12-31,0.0706142979655546,0.7827282980463549,0.7692307692307693,13
ma_50_200_ratio,2022 bear market,2022-01-01,2022-12-31,0.004781268303955366,0.08034248768917715,0.5384615384615384,13
ma_50_200_ratio,recovery 2023-2026,2023-01-01,2026-04-24,0.019129315376988355,0.6037554216273711,0.5952380952380952,42
price_to_52w_high,full 2008-2026,2008-01-01,2026-04-24,-0.023655409847664476,-1.617240686060345,0.48739495798319327,238
price_to_52w_high,train 2008-2018,2008-01-01,2018-12-31,-0.026220719774392484,-1.4449845628306763,0.4722222222222222,144
price_to_52w_high,holdout 2019-2026,2019-01-01,2026-04-24,-0.019725573364166242,-0.8022436466138738,0.5106382978723404,94
price_to_52w_high,2008 financial crisis,2008-01-01,2009-12-31,-0.09078401877231812,-1.5228804901739923,0.4230769230769231,26
price_to_52w_high,2015-16 vol stress,2015-06-01,2016-12-31,-0.02800593152614874,-0.7182833038318731,0.38095238095238093,21
price_to_52w_high,2020 COVID,2020-01-01,2020-12-31,0.015252909478196517,0.16371091103782676,0.5384615384615384,13
price_to_52w_high,2022 bear market,2022-01-01,2022-12-31,-0.02706889677215851,-0.36298460940837324,0.5384615384615384,13
price_to_52w_high,recovery 2023-2026,2023-01-01,2026-04-24,-0.005183960358042512,-0.16842440197023015,0.5476190476190477,42
volatility_21d,full 2008-2026,2008-01-01,2026-04-24,0.026247573432542547,1.8254649403756693,0.5294117647058824,238
volatility_21d,train 2008-2018,2008-01-01,2018-12-31,0.016945877000986178,0.9182805311604418,0.5138888888888888,144
volatility_21d,holdout 2019-2026,2019-01-01,2026-04-24,0.04049698073194804,1.762082403563559,0.5531914893617021,94
volatility_21d,2008 financial crisis,2008-01-01,2009-12-31,0.03928727712623137,0.6795676995095117,0.46153846153846156,26
volatility_21d,2015-16 vol stress,2015-06-01,2016-12-31,0.0466021708054057,1.200196859765391,0.6666666666666666,21
volatility_21d,2020 COVID,2020-01-01,2020-12-31,0.04335300729160333,0.5094117869454717,0.6153846153846154,13
volatility_21d,2022 bear market,2022-01-01,2022-12-31,0.04227483126260648,0.5743375705069714,0.5384615384615384,13
volatility_21d,recovery 2023-2026,2023-01-01,2026-04-24,0.059302172489772896,1.9399687758991584,0.5714285714285714,42
volatility_63d,full 2008-2026,2008-01-01,2026-04-24,0.03275237377564417,2.1264266345381078,0.5294117647058824,238
volatility_63d,train 2008-2018,2008-01-01,2018-12-31,0.024892478658744412,1.2889404128802002,0.5347222222222222,144
volatility_63d,holdout 2019-2026,2019-01-01,2026-04-24,0.0447930641674906,1.7574392020710352,0.5212765957446809,94
volatility_63d,2008 financial crisis,2008-01-01,2009-12-31,0.052654753249479984,0.8973666377835336,0.5,26
volatility_63d,2015-16 vol stress,2015-06-01,2016-12-31,0.06792423963725944,1.533885576135678,0.6190476190476191,21
volatility_63d,2020 COVID,2020-01-01,2020-12-31,0.06720547693872009,0.7899081821225157,0.5384615384615384,13
volatility_63d,2022 bear market,2022-01-01,2022-12-31,0.03155268206482446,0.3840770535630692,0.46153846153846156,13
volatility_63d,recovery 2023-2026,2023-01-01,2026-04-24,0.06698180387659158,1.9151646792592771,0.5714285714285714,42
downside_vol_63d,full 2008-2026,2008-01-01,2026-04-24,0.03245297349840398,2.168270814865977,0.5252100840336135,238
downside_vol_63d,train 2008-2018,2008-01-01,2018-12-31,0.025259686247386576,1.3310113105473864,0.5208333333333334,144
downside_vol_63d,holdout 2019-2026,2019-01-01,2026-04-24,0.04347247737230298,1.7823326238448636,0.5319148936170213,94
downside_vol_63d,2008 financial crisis,2008-01-01,2009-12-31,0.06065912677226765,1.0198572476450276,0.46153846153846156,26
downside_vol_63d,2015-16 vol stress,2015-06-01,2016-12-31,0.06556957099897366,1.5605722926006311,0.6190476190476191,21
downside_vol_63d,2020 COVID,2020-01-01,2020-12-31,0.050746484966872125,0.5963841999267934,0.6153846153846154,13
downside_vol_63d,2022 bear market,2022-01-01,2022-12-31,0.024656872238413747,0.3241812318545825,0.46153846153846156,13
downside_vol_63d,recovery 2023-2026,2023-01-01,2026-04-24,0.061948799702188105,1.8682681862380208,0.5238095238095238,42
max_drawdown_63d,full 2008-2026,2008-01-01,2026-04-24,-0.023291572367864968,-1.6153819758122339,0.4831932773109244,238
max_drawdown_63d,train 2008-2018,2008-01-01,2018-12-31,-0.016391317468383723,-0.9134482822433849,0.4930555555555556,144
max_drawdown_63d,holdout 2019-2026,2019-01-01,2026-04-24,-0.033862175618134115,-1.4049139497392138,0.46808510638297873,94
max_drawdown_63d,2008 financial crisis,2008-01-01,2009-12-31,-0.06408729453455904,-1.1673304429049405,0.46153846153846156,26
max_drawdown_63d,2015-16 vol stress,2015-06-01,2016-12-31,-0.030406467497625163,-0.6758548116504147,0.47619047619047616,21
max_drawdown_63d,2020 COVID,2020-01-01,2020-12-31,-0.04039088293997192,-0.4568485965685647,0.46153846153846156,13
max_drawdown_63d,2022 bear market,2022-01-01,2022-12-31,-0.02805795049122597,-0.39450895777007755,0.5384615384615384,13
max_drawdown_63d,recovery 2023-2026,2023-01-01,2026-04-24,-0.03819604148075237,-1.1291932480269709,0.5,42
avg_dollar_volume_63d,full 2008-2026,2008-01-01,2026-04-24,0.0005479575450590613,0.0872499064355873,0.5084033613445378,238
avg_dollar_volume_63d,train 2008-2018,2008-01-01,2018-12-31,-0.006205200165984645,-0.8073590180995541,0.4861111111111111,144
avg_dollar_volume_63d,holdout 2019-2026,2019-01-01,2026-04-24,0.010893220421551547,1.022722580718649,0.5425531914893617,94
avg_dollar_volume_63d,2008 financial crisis,2008-01-01,2009-12-31,-0.008780781643026501,-0.43574345761777394,0.4230769230769231,26
avg_dollar_volume_63d,2015-16 vol stress,2015-06-01,2016-12-31,0.005625647360996274,0.272485078294552,0.5238095238095238,21
avg_dollar_volume_63d,2020 COVID,2020-01-01,2020-12-31,0.026481193925932758,0.8106976513975953,0.6153846153846154,13
avg_dollar_volume_63d,2022 bear market,2022-01-01,2022-12-31,-0.022169304329217873,-1.1193197993113069,0.46153846153846156,13
avg_dollar_volume_63d,recovery 2023-2026,2023-01-01,2026-04-24,0.02762268942029209,1.603682163438062,0.5714285714285714,42
beta_to_spy_63d,full 2008-2026,2008-01-01,2026-04-24,0.033478585889693,1.9874241155816967,0.542016806722689,238
beta_to_spy_63d,train 2008-2018,2008-01-01,2018-12-31,0.02301646462313119,1.0850098035456694,0.5347222222222222,144
beta_to_spy_63d,holdout 2019-2026,2019-01-01,2026-04-24,0.049505665276766406,1.788283301826435,0.5531914893617021,94
beta_to_spy_63d,2008 financial crisis,2008-01-01,2009-12-31,0.0780572496850772,1.320915655381238,0.5769230769230769,26
beta_to_spy_63d,2015-16 vol stress,2015-06-01,2016-12-31,0.06894476871950087,1.2226942812761907,0.6190476190476191,21
beta_to_spy_63d,2020 COVID,2020-01-01,2020-12-31,0.00635388738621418,0.07728544060139446,0.46153846153846156,13
beta_to_spy_63d,2022 bear market,2022-01-01,2022-12-31,0.01581428270509653,0.1888520463660964,0.46153846153846156,13
beta_to_spy_63d,recovery 2023-2026,2023-01-01,2026-04-24,0.08700144552459174,2.0709527409503905,0.5714285714285714,42
relative_strength_vs_spy_63d,full 2008-2026,2008-01-01,2026-04-24,-0.007908412889165748,-0.6659768708291643,0.5168067226890757,238
relative_strength_vs_spy_63d,train 2008-2018,2008-01-01,2018-12-31,-0.007433202812085431,-0.5026907649153072,0.5138888888888888,144
relative_strength_vs_spy_63d,holdout 2019-2026,2019-01-01,2026-04-24,-0.008636394283841978,-0.434646020555785,0.5212765957446809,94
relative_strength_vs_spy_63d,2008 financial crisis,2008-01-01,2009-12-31,-0.03656593792160078,-0.7712800554908076,0.46153846153846156,26
relative_strength_vs_spy_63d,2015-16 vol stress,2015-06-01,2016-12-31,-0.025604806123540585,-0.9857755997896248,0.47619047619047616,21
relative_strength_vs_spy_63d,2020 COVID,2020-01-01,2020-12-31,0.05793534237941856,0.8809859537211174,0.8461538461538461,13
relative_strength_vs_spy_63d,2022 bear market,2022-01-01,2022-12-31,-0.03366332352705119,-0.6245197300631439,0.5384615384615384,13
relative_strength_vs_spy_63d,recovery 2023-2026,2023-01-01,2026-04-24,-0.00672049539305752,-0.24064067684288803,0.5,42
ret_1w,full 2008-2026,2008-01-01,2026-04-24,-0.004102787914899015,-0.406269219743642,0.5294117647058824,238
ret_1w,train 2008-2018,2008-01-01,2018-12-31,0.0022045781996944272,0.18706525699761667,0.5763888888888888,144
ret_1w,holdout 2019-2026,2019-01-01,2026-04-24,-0.013765136005340031,-0.7586483609843401,0.4574468085106383,94
ret_1w,2008 financial crisis,2008-01-01,2009-12-31,-0.03275708756802433,-1.0574550381551004,0.38461538461538464,26
ret_1w,2015-16 vol stress,2015-06-01,2016-12-31,0.06372423330103485,2.8701525860900006,0.9047619047619048,21
ret_1w,2020 COVID,2020-01-01,2020-12-31,-0.022436657951023727,-0.3457796125315837,0.46153846153846156,13
ret_1w,2022 bear market,2022-01-01,2022-12-31,-0.027206615366618662,-0.5549367594783967,0.5384615384615384,13
ret_1w,recovery 2023-2026,2023-01-01,2026-04-24,-0.008100092076657602,-0.29219810094607346,0.4523809523809524,42
ret_2w,full 2008-2026,2008-01-01,2026-04-24,-0.006338604595898403,-0.5992041854701146,0.4957983193277311,238
ret_2w,train 2008-2018,2008-01-01,2018-12-31,0.003147430945262842,0.25017651117067824,0.5069444444444444,144
ret_2w,holdout 2019-2026,2019-01-01,2026-04-24,-0.02087040372278371,-1.1229005529069467,0.4787234042553192,94
ret_2w,2008 financial crisis,2008-01-01,2009-12-31,0.014138344497458615,0.3578333638036991,0.5384615384615384,26
ret_2w,2015-16 vol stress,2015-06-01,2016-12-31,0.02166813963756005,0.6069286053693063,0.5714285714285714,21
ret_2w,2020 COVID,2020-01-01,2020-12-31,-0.007895505294111342,-0.12531625832907936,0.5384615384615384,13
ret_2w,2022 bear market,2022-01-01,2022-12-31,-0.04340525516002347,-0.9116706665146727,0.5384615384615384,13
ret_2w,recovery 2023-2026,2023-01-01,2026-04-24,-0.005600093113683739,-0.20034269996410756,0.4523809523809524,42
ret_zscore_21d,full 2008-2026,2008-01-01,2026-04-24,-0.007768177839704496,-0.7685218967485458,0.5126050420168067,238
ret_zscore_21d,train 2008-2018,2008-01-01,2018-12-31,-0.011659289765218229,-0.8814477150107742,0.5,144
ret_zscore_21d,holdout 2019-2026,2019-01-01,2026-04-24,-0.001807325528279208,-0.11512110950409304,0.5319148936170213,94
ret_zscore_21d,2008 financial crisis,2008-01-01,2009-12-31,-0.03234811307427246,-0.882593592286246,0.4230769230769231,26
ret_zscore_21d,2015-16 vol stress,2015-06-01,2016-12-31,0.0136698032793365,0.3779301243902626,0.5714285714285714,21
ret_zscore_21d,2020 COVID,2020-01-01,2020-12-31,0.024989969556412008,0.5947220386594326,0.6153846153846154,13
ret_zscore_21d,2022 bear market,2022-01-01,2022-12-31,-0.02422612323045486,-0.4394618967104267,0.5384615384615384,13
ret_zscore_21d,recovery 2023-2026,2023-01-01,2026-04-24,0.029583316014801384,1.6677048967600199,0.6190476190476191,42
overextension_20dma,full 2008-2026,2008-01-01,2026-04-24,-0.005394503516727585,-0.4971971929220641,0.5042016806722689,238
overextension_20dma,train 2008-2018,2008-01-01,2018-12-31,-0.004380553559327233,-0.3382515023509754,0.5138888888888888,144
overextension_20dma,holdout 2019-2026,2019-01-01,2026-04-24,-0.006947788557851533,-0.3639377811923622,0.48936170212765956,94
overextension_20dma,2008 financial crisis,2008-01-01,2009-12-31,-0.0018204844835000118,-0.04742709032724234,0.5384615384615384,26
overextension_20dma,2015-16 vol stress,2015-06-01,2016-12-31,0.046695631549084994,1.651641233316492,0.6190476190476191,21
overextension_20dma,2020 COVID,2020-01-01,2020-12-31,0.018303646549285603,0.2851611989621701,0.6153846153846154,13
overextension_20dma,2022 bear market,2022-01-01,2022-12-31,-0.04561823126016302,-0.8393577858054335,0.46153846153846156,13
overextension_20dma,recovery 2023-2026,2023-01-01,2026-04-24,0.011348379145883266,0.3975608281034994,0.5,42
rsi_proxy,full 2008-2026,2008-01-01,2026-04-24,-0.01000261398888891,-0.9575151093227519,0.49159663865546216,238
rsi_proxy,train 2008-2018,2008-01-01,2018-12-31,-0.009250309463372137,-0.6883167656413236,0.5208333333333334,144
rsi_proxy,holdout 2019-2026,2019-01-01,2026-04-24,-0.011155080496063534,-0.6682245437532645,0.44680851063829785,94
rsi_proxy,2008 financial crisis,2008-01-01,2009-12-31,-0.04116076259123495,-1.1370723030827383,0.4230769230769231,26
rsi_proxy,2015-16 vol stress,2015-06-01,2016-12-31,0.019332816066621156,0.5337815415906009,0.5714285714285714,21
rsi_proxy,2020 COVID,2020-01-01,2020-12-31,0.009364957738045531,0.18645074793843916,0.5384615384615384,13
rsi_proxy,2022 bear market,2022-01-01,2022-12-31,-0.035860453436674024,-0.6566843221363168,0.46153846153846156,13
rsi_proxy,recovery 2023-2026,2023-01-01,2026-04-24,0.007377598774260572,0.32942199214724494,0.47619047619047616,42
gap_overnight,full 2008-2026,2008-01-01,2026-04-24,-0.005963909272045832,-0.5633940428199191,0.4789915966386555,238
gap_overnight,train 2008-2018,2008-01-01,2018-12-31,-0.007357645479370888,-0.6062672703589874,0.4791666666666667,144
gap_overnight,holdout 2019-2026,2019-01-01,2026-04-24,-0.003828824018271283,-0.19745242265706336,0.4787234042553192,94
gap_overnight,2008 financial crisis,2008-01-01,2009-12-31,-0.04085478018304616,-1.1663228520839755,0.4230769230769231,26
gap_overnight,2015-16 vol stress,2015-06-01,2016-12-31,0.03633691173957813,1.1210663965620564,0.47619047619047616,21
gap_overnight,2020 COVID,2020-01-01,2020-12-31,-0.025267126590594935,-0.3453705505585143,0.46153846153846156,13
gap_overnight,2022 bear market,2022-01-01,2022-12-31,0.020083504633124822,0.41817261863446126,0.5384615384615384,13
gap_overnight,recovery 2023-2026,2023-01-01,2026-04-24,-0.02706640831183115,-0.9252416736511747,0.42857142857142855,42
ret_3m_ex_1w,full 2008-2026,2008-01-01,2026-04-24,-0.009228975970623696,-0.774619196519958,0.5126050420168067,238
ret_3m_ex_1w,train 2008-2018,2008-01-01,2018-12-31,-0.010661610377318264,-0.7358995074591811,0.5,144
ret_3m_ex_1w,holdout 2019-2026,2019-01-01,2026-04-24,-0.0070343019859001035,-0.3426731678495122,0.5319148936170213,94
ret_3m_ex_1w,2008 financial crisis,2008-01-01,2009-12-31,-0.03819744257442191,-0.8083711022933889,0.46153846153846156,26
ret_3m_ex_1w,2015-16 vol stress,2015-06-01,2016-12-31,-0.04236148704786745,-1.6396420883307035,0.3333333333333333,21
ret_3m_ex_1w,2020 COVID,2020-01-01,2020-12-31,0.0683685751308516,0.8855839730026633,0.6923076923076923,13
ret_3m_ex_1w,2022 bear market,2022-01-01,2022-12-31,-0.028578708598704507,-0.5631447433189385,0.46153846153846156,13
ret_3m_ex_1w,recovery 2023-2026,2023-01-01,2026-04-24,-0.009905493295676821,-0.3408861382584348,0.5476190476190477,42
ret_6m_ex_1m,full 2008-2026,2008-01-01,2026-04-24,-0.008886253352886621,-0.7020462454593016,0.5042016806722689,238
ret_6m_ex_1m,train 2008-2018,2008-01-01,2018-12-31,-0.013372338066121398,-0.8773183306265588,0.4930555555555556,144
ret_6m_ex_1m,holdout 2019-2026,2019-01-01,2026-04-24,-0.0020139533666546226,-0.09138585423206805,0.5212765957446809,94
ret_6m_ex_1m,2008 financial crisis,2008-01-01,2009-12-31,-0.06692926669899803,-1.457639460753941,0.4230769230769231,26
ret_6m_ex_1m,2015-16 vol stress,2015-06-01,2016-12-31,-0.007747243459097773,-0.22640743291281687,0.47619047619047616,21
ret_6m_ex_1m,2020 COVID,2020-01-01,2020-12-31,0.06905461654243118,0.8324673073919467,0.6153846153846154,13
ret_6m_ex_1m,2022 bear market,2022-01-01,2022-12-31,0.002886616813175241,0.05809678627471403,0.46153846153846156,13
ret_6m_ex_1m,recovery 2023-2026,2023-01-01,2026-04-24,-0.00043038459878639933,-0.014576169421998198,0.5476190476190477,42
ret_3m_adj,full 2008-2026,2008-01-01,2026-04-24,-0.010035676018109525,-0.8756442247042123,0.5294117647058824,238
ret_3m_adj,train 2008-2018,2008-01-01,2018-12-31,-0.011728996373214826,-0.8381149719332168,0.5138888888888888,144
ret_3m_adj,holdout 2019-2026,2019-01-01,2026-04-24,-0.007441653346458857,-0.3787283778130467,0.5531914893617021,94
ret_3m_adj,2008 financial crisis,2008-01-01,2009-12-31,-0.05078644289855559,-1.2517614651484736,0.4230769230769231,26
ret_3m_adj,2015-16 vol stress,2015-06-01,2016-12-31,-0.0313991609764129,-1.1110517979266423,0.42857142857142855,21
ret_3m_adj,2020 COVID,2020-01-01,2020-12-31,0.06189908376990135,0.9368953407497036,0.7692307692307693,13
ret_3m_adj,2022 bear market,2022-01-01,2022-12-31,-0.03468573886986216,-0.7051122579276875,0.5384615384615384,13
ret_3m_adj,recovery 2023-2026,2023-01-01,2026-04-24,-0.010260968866858436,-0.3908310610498874,0.5476190476190477,42
ret_6m_adj,full 2008-2026,2008-01-01,2026-04-24,-0.003856571328954241,-0.3014402578333351,0.5252100840336135,238
ret_6m_adj,train 2008-2018,2008-01-01,2018-12-31,-0.009255797116954727,-0.5926455737574042,0.4930555555555556,144
ret_6m_adj,holdout 2019-2026,2019-01-01,2026-04-24,0.004414583069684803,0.20142147419885745,0.574468085106383,94
ret_6m_adj,2008 financial crisis,2008-01-01,2009-12-31,-0.044961463698617636,-1.066333076866613,0.4230769230769231,26
ret_6m_adj,2015-16 vol stress,2015-06-01,2016-12-31,-0.012462499529925907,-0.3433161989292448,0.5238095238095238,21
ret_6m_adj,2020 COVID,2020-01-01,2020-12-31,0.07337690939002493,0.9079809008183668,0.7692307692307693,13
ret_6m_adj,2022 bear market,2022-01-01,2022-12-31,-0.008479088141323908,-0.14562913033783453,0.5384615384615384,13
ret_6m_adj,recovery 2023-2026,2023-01-01,2026-04-24,0.020498982284933624,0.7631570487764288,0.5952380952380952,42
mom_stability_3m,full 2008-2026,2008-01-01,2026-04-24,-0.00422233198639399,-0.44311230226562237,0.5210084033613446,238
mom_stability_3m,train 2008-2018,2008-01-01,2018-12-31,-0.003821435845501872,-0.32668319326738093,0.5555555555555556,144
mom_stability_3m,holdout 2019-2026,2019-01-01,2026-04-24,-0.004836470755420213,-0.2979293526312754,0.46808510638297873,94
mom_stability_3m,2008 financial crisis,2008-01-01,2009-12-31,-0.06074432135377196,-1.8329614177963842,0.4230769230769231,26
mom_stability_3m,2015-16 vol stress,2015-06-01,2016-12-31,0.00886991103582447,0.3197256705405506,0.6190476190476191,21
mom_stability_3m,2020 COVID,2020-01-01,2020-12-31,0.04785965258372272,1.1724440032242298,0.5384615384615384,13
mom_stability_3m,2022 bear market,2022-01-01,2022-12-31,-0.04640566990452793,-1.0750761078310545,0.38461538461538464,13
mom_stability_3m,recovery 2023-2026,2023-01-01,2026-04-24,-0.0039580731228725866,-0.17007199825877972,0.5,42
trend_consistency,full 2008-2026,2008-01-01,2026-04-24,0.009317165969788188,1.4362167183255599,0.5210084033613446,238
trend_consistency,train 2008-2018,2008-01-01,2018-12-31,0.013058823306766762,1.5692659784075396,0.5416666666666666,144
trend_consistency,holdout 2019-2026,2019-01-01,2026-04-24,0.0035852653684593076,0.34524326168345043,0.48936170212765956,94
trend_consistency,2008 financial crisis,2008-01-01,2009-12-31,0.04076145996128619,2.0611985648250237,0.6153846153846154,26
trend_consistency,2015-16 vol stress,2015-06-01,2016-12-31,0.018959606488468648,0.7923499458138651,0.5714285714285714,21
trend_consistency,2020 COVID,2020-01-01,2020-12-31,0.04214970854747851,1.1106941656689766,0.46153846153846156,13
trend_consistency,2022 bear market,2022-01-01,2022-12-31,0.02957174562835256,1.2076228125403106,0.5384615384615384,13
trend_consistency,recovery 2023-2026,2023-01-01,2026-04-24,0.004128175878526546,0.345839287613027,0.5714285714285714,42
pct_pos_months_6m,full 2008-2026,2008-01-01,2026-04-24,-0.011776907333919902,-1.185722689548975,0.5042016806722689,238
pct_pos_months_6m,train 2008-2018,2008-01-01,2018-12-31,-0.01472702248957216,-1.1332886121197117,0.5069444444444444,144
pct_pos_months_6m,holdout 2019-2026,2019-01-01,2026-04-24,-0.0072575819890909115,-0.4700631181465538,0.5,94
pct_pos_months_6m,2008 financial crisis,2008-01-01,2009-12-31,-0.017967666971639904,-0.4637000157845384,0.46153846153846156,26
pct_pos_months_6m,2015-16 vol stress,2015-06-01,2016-12-31,0.00028741550787750314,0.007614474167738716,0.5238095238095238,21
pct_pos_months_6m,2020 COVID,2020-01-01,2020-12-31,0.047074311093259984,1.372425530546484,0.6153846153846154,13
pct_pos_months_6m,2022 bear market,2022-01-01,2022-12-31,-0.024736667276094797,-0.4831208996766936,0.46153846153846156,13
pct_pos_months_6m,recovery 2023-2026,2023-01-01,2026-04-24,0.014934323778292473,0.7307614897394269,0.5952380952380952,42
liquidity_rank,full 2008-2026,2008-01-01,2026-04-24,0.0005479575450590613,0.0872499064355873,0.5084033613445378,238
liquidity_rank,train 2008-2018,2008-01-01,2018-12-31,-0.006205200165984645,-0.8073590180995541,0.4861111111111111,144
liquidity_rank,holdout 2019-2026,2019-01-01,2026-04-24,0.010893220421551547,1.022722580718649,0.5425531914893617,94
liquidity_rank,2008 financial crisis,2008-01-01,2009-12-31,-0.008780781643026501,-0.43574345761777394,0.4230769230769231,26
liquidity_rank,2015-16 vol stress,2015-06-01,2016-12-31,0.005625647360996274,0.272485078294552,0.5238095238095238,21
liquidity_rank,2020 COVID,2020-01-01,2020-12-31,0.026481193925932758,0.8106976513975953,0.6153846153846154,13
liquidity_rank,2022 bear market,2022-01-01,2022-12-31,-0.022169304329217873,-1.1193197993113069,0.46153846153846156,13
liquidity_rank,recovery 2023-2026,2023-01-01,2026-04-24,0.02762268942029209,1.603682163438062,0.5714285714285714,42
sector_rel_momentum_3m,full 2008-2026,2008-01-01,2026-04-24,-0.0007139909576563851,-0.07093753385011023,0.5378151260504201,238
sector_rel_momentum_3m,train 2008-2018,2008-01-01,2018-12-31,0.00013582132273185713,0.010884537927602769,0.5277777777777778,144
sector_rel_momentum_3m,holdout 2019-2026,2019-01-01,2026-04-24,-0.0020158310467617746,-0.11902282400977833,0.5531914893617021,94
sector_rel_momentum_3m,2008 financial crisis,2008-01-01,2009-12-31,-0.02004014275243608,-0.4643038104739382,0.4230769230769231,26
sector_rel_momentum_3m,2015-16 vol stress,2015-06-01,2016-12-31,-0.01848653367048266,-1.0725946080411235,0.47619047619047616,21
sector_rel_momentum_3m,2020 COVID,2020-01-01,2020-12-31,0.05137342610702233,0.9355755678810926,0.8461538461538461,13
sector_rel_momentum_3m,2022 bear market,2022-01-01,2022-12-31,-0.043895046949856305,-0.9816179354945678,0.38461538461538464,13
sector_rel_momentum_3m,recovery 2023-2026,2023-01-01,2026-04-24,0.0030221684579178807,0.12903179228600364,0.5714285714285714,42
sector_rel_momentum_6m,full 2008-2026,2008-01-01,2026-04-24,0.0018971754613735278,0.16819763841856053,0.5504201680672269,238
sector_rel_momentum_6m,train 2008-2018,2008-01-01,2018-12-31,-0.0015889351632928774,-0.11638588231710198,0.5277777777777778,144
sector_rel_momentum_6m,holdout 2019-2026,2019-01-01,2026-04-24,0.007237600248096534,0.37062000245063254,0.5851063829787234,94
sector_rel_momentum_6m,2008 financial crisis,2008-01-01,2009-12-31,-0.030602756855452443,-0.6771781945393774,0.46153846153846156,26
sector_rel_momentum_6m,2015-16 vol stress,2015-06-01,2016-12-31,0.0034938456626375522,0.1521094643541943,0.47619047619047616,21
sector_rel_momentum_6m,2020 COVID,2020-01-01,2020-12-31,0.07315588524964772,1.0660614379637383,0.6923076923076923,13
sector_rel_momentum_6m,2022 bear market,2022-01-01,2022-12-31,-0.02382618069525832,-0.4875012401912665,0.46153846153846156,13
sector_rel_momentum_6m,recovery 2023-2026,2023-01-01,2026-04-24,0.025615474081319145,1.0417069366340461,0.6428571428571429,42
vol_score_composite,full 2008-2026,2008-01-01,2026-04-24,0.03209535853292994,1.9366600988660003,0.5210084033613446,238
vol_score_composite,train 2008-2018,2008-01-01,2018-12-31,0.02317048768120901,1.1156297560766628,0.5208333333333334,144
vol_score_composite,holdout 2019-2026,2019-01-01,2026-04-24,0.04576750111428966,1.6681513598797921,0.5212765957446809,94
vol_score_composite,2008 financial crisis,2008-01-01,2009-12-31,0.06894755723837892,1.1354424562003886,0.46153846153846156,26
vol_score_composite,2015-16 vol stress,2015-06-01,2016-12-31,0.06283383158635941,1.2277859865760885,0.6190476190476191,21
vol_score_composite,2020 COVID,2020-01-01,2020-12-31,0.04936427056792191,0.5421247967747779,0.46153846153846156,13
vol_score_composite,2022 bear market,2022-01-01,2022-12-31,0.027295718970636464,0.3231613094202766,0.46153846153846156,13
vol_score_composite,recovery 2023-2026,2023-01-01,2026-04-24,0.06631153135265024,1.7095473297250325,0.5476190476190477,42
