universe_path,universe,sleeve,base_vol_weight,base_trend_weight,stress_k,stress_variant,vix_weight,drawdown_weight,cost_bps,regime,cagr,sharpe,max_dd,max_gross,passes_max_gross,passes_regime_dd,passes_regime_sharpe
config/universes/sp100.yaml,sp100_sample,a7_2_vix_only_60_40_k_20,0.6,0.4,0.2,vix_only,1.0,0.0,10.0,2008_crisis,-0.012811859022271666,-0.06612545875404288,-0.1787034294231702,1.3000000000000003,True,True,False
config/universes/sp100.yaml,sp100_sample,a7_2_vix_only_60_40_k_20,0.6,0.4,0.2,vix_only,1.0,0.0,10.0,2010_2019,0.18627264793313048,1.7258510195514427,-0.11752883606927844,1.3000000000000003,True,True,True
config/universes/sp100.yaml,sp100_sample,a7_2_vix_only_60_40_k_20,0.6,0.4,0.2,vix_only,1.0,0.0,10.0,2020,0.19176328695738643,0.9113315805951244,-0.21457254825523486,1.3000000000000003,True,True,True
config/universes/sp100.yaml,sp100_sample,a7_2_vix_only_60_40_k_20,0.6,0.4,0.2,vix_only,1.0,0.0,10.0,2022,0.006657019969672717,0.05603916153425399,-0.0994862778998079,1.3000000000000003,True,True,False
config/universes/sp100.yaml,sp100_sample,a7_2_vix_only_60_40_k_20,0.6,0.4,0.2,vix_only,1.0,0.0,10.0,2023_2026,0.26240493898967276,2.5453503876988917,-0.09361982079895936,1.3000000000000003,True,True,True
config/universes/sp100.yaml,sp100_sample,a7_2_vix_only_60_40_k_30,0.6,0.4,0.3,vix_only,1.0,0.0,10.0,2008_crisis,0.028743255052925853,0.19386694566017723,-0.11516641091145485,1.35,True,True,False
config/universes/sp100.yaml,sp100_sample,a7_2_vix_only_60_40_k_30,0.6,0.4,0.3,vix_only,1.0,0.0,10.0,2010_2019,0.19189416985138852,1.8749662672490615,-0.10778820000085587,1.35,True,True,True
config/universes/sp100.yaml,sp100_sample,a7_2_vix_only_60_40_k_30,0.6,0.4,0.3,vix_only,1.0,0.0,10.0,2020,0.19733829632903932,1.0957101552714756,-0.18137902699966602,1.35,True,True,True
config/universes/sp100.yaml,sp100_sample,a7_2_vix_only_60_40_k_30,0.6,0.4,0.3,vix_only,1.0,0.0,10.0,2022,0.04315552557547209,0.423654189485256,-0.0747284307596664,1.35,True,True,False
config/universes/sp100.yaml,sp100_sample,a7_2_vix_only_60_40_k_30,0.6,0.4,0.3,vix_only,1.0,0.0,10.0,2023_2026,0.25928480985773894,2.6378843454718166,-0.0815126742082749,1.35,True,True,True
config/universes/sp100.yaml,sp100_sample,a7_2_vix_only_60_40_k_40,0.6,0.4,0.4,vix_only,1.0,0.0,10.0,2008_crisis,0.037090097922767296,0.3082739091851811,-0.08858014935377878,1.3750000000000002,True,True,False
config/universes/sp100.yaml,sp100_sample,a7_2_vix_only_60_40_k_40,0.6,0.4,0.4,vix_only,1.0,0.0,10.0,2010_2019,0.1932781388835878,1.9562584471662756,-0.11046679834275575,1.3750000000000002,True,True,True
config/universes/sp100.yaml,sp100_sample,a7_2_vix_only_60_40_k_40,0.6,0.4,0.4,vix_only,1.0,0.0,10.0,2020,0.18182692707672166,1.114257751564788,-0.16395572751348775,1.3750000000000002,True,True,True
config/universes/sp100.yaml,sp100_sample,a7_2_vix_only_60_40_k_40,0.6,0.4,0.4,vix_only,1.0,0.0,10.0,2022,0.06777326307993414,0.7479466496917545,-0.05755506355022666,1.3750000000000002,True,True,False
config/universes/sp100.yaml,sp100_sample,a7_2_vix_only_60_40_k_40,0.6,0.4,0.4,vix_only,1.0,0.0,10.0,2023_2026,0.2533121415096087,2.6566918019144343,-0.07520206652400852,1.3750000000000002,True,True,True
config/universes/sp100.yaml,sp100_sample,a7_2_vix_only_50_50_k_20,0.5,0.5,0.2,vix_only,1.0,0.0,10.0,2008_crisis,0.016602010469737083,0.11488478911442304,-0.11916668950187892,1.35,True,True,False
config/universes/sp100.yaml,sp100_sample,a7_2_vix_only_50_50_k_20,0.5,0.5,0.2,vix_only,1.0,0.0,10.0,2010_2019,0.17628674033078817,1.7763852080809857,-0.11006133717639843,1.35,True,True,True
config/universes/sp100.yaml,sp100_sample,a7_2_vix_only_50_50_k_20,0.5,0.5,0.2,vix_only,1.0,0.0,10.0,2020,0.1876142688701885,1.050632129958607,-0.18096344561973055,1.35,True,True,True
config/universes/sp100.yaml,sp100_sample,a7_2_vix_only_50_50_k_20,0.5,0.5,0.2,vix_only,1.0,0.0,10.0,2022,0.03749985977331871,0.3945285170597533,-0.06865602860872011,1.35,True,True,False
config/universes/sp100.yaml,sp100_sample,a7_2_vix_only_50_50_k_20,0.5,0.5,0.2,vix_only,1.0,0.0,10.0,2023_2026,0.24148234330695462,2.550258724863262,-0.08138334903719036,1.35,True,True,True
config/universes/sp100.yaml,sp100_sample,a7_2_vix_only_50_50_k_30,0.5,0.5,0.3,vix_only,1.0,0.0,10.0,2008_crisis,0.023094868709363503,0.19485609729670314,-0.09312399858487297,1.3750000000000002,True,True,False
config/universes/sp100.yaml,sp100_sample,a7_2_vix_only_50_50_k_30,0.5,0.5,0.3,vix_only,1.0,0.0,10.0,2010_2019,0.17743423877789866,1.8471428322398566,-0.11319411647391342,1.3750000000000002,True,True,True
config/universes/sp100.yaml,sp100_sample,a7_2_vix_only_50_50_k_30,0.5,0.5,0.3,vix_only,1.0,0.0,10.0,2020,0.17365868769895698,1.068552376435058,-0.1636148833414378,1.3750000000000002,True,True,True
config/universes/sp100.yaml,sp100_sample,a7_2_vix_only_50_50_k_30,0.5,0.5,0.3,vix_only,1.0,0.0,10.0,2022,0.06129657384632403,0.718605773126583,-0.05567043755652712,1.3750000000000002,True,True,False
config/universes/sp100.yaml,sp100_sample,a7_2_vix_only_50_50_k_30,0.5,0.5,0.3,vix_only,1.0,0.0,10.0,2023_2026,0.23560037700247682,2.5604808859638464,-0.07482361703123663,1.3750000000000002,True,True,True
config/universes/sp100.yaml,sp100_sample,a7_2_vix_only_50_50_k_40,0.5,0.5,0.4,vix_only,1.0,0.0,10.0,2008_crisis,0.007522671133246339,0.06386322880250034,-0.10253690874175836,1.3750000000000002,True,True,False
config/universes/sp100.yaml,sp100_sample,a7_2_vix_only_50_50_k_40,0.5,0.5,0.4,vix_only,1.0,0.0,10.0,2010_2019,0.17376060090882217,1.8278645036891559,-0.11686036720113924,1.3750000000000002,True,True,True
config/universes/sp100.yaml,sp100_sample,a7_2_vix_only_50_50_k_40,0.5,0.5,0.4,vix_only,1.0,0.0,10.0,2020,0.16344599642179358,1.0081937944736545,-0.16317988825227792,1.3750000000000002,True,True,True
config/universes/sp100.yaml,sp100_sample,a7_2_vix_only_50_50_k_40,0.5,0.5,0.4,vix_only,1.0,0.0,10.0,2022,0.05112371632831936,0.6273680435325459,-0.055442580957889565,1.3750000000000002,True,True,False
config/universes/sp100.yaml,sp100_sample,a7_2_vix_only_50_50_k_40,0.5,0.5,0.4,vix_only,1.0,0.0,10.0,2023_2026,0.228764589483196,2.514784924050401,-0.07494881328935443,1.3750000000000002,True,True,True
config/universes/sp100.yaml,sp100_sample,a7_2_vix_only_40_60_k_20,0.4,0.6,0.2,vix_only,1.0,0.0,10.0,2008_crisis,0.011786982749082853,0.10001945545132354,-0.0993346559790953,1.3750000000000002,True,True,False
config/universes/sp100.yaml,sp100_sample,a7_2_vix_only_40_60_k_20,0.4,0.6,0.2,vix_only,1.0,0.0,10.0,2010_2019,0.16172963638806004,1.7203640754779548,-0.11605796685811043,1.3750000000000002,True,True,True
config/universes/sp100.yaml,sp100_sample,a7_2_vix_only_40_60_k_20,0.4,0.6,0.2,vix_only,1.0,0.0,10.0,2020,0.1673644309753115,1.0319549121253067,-0.1632739794079513,1.3750000000000002,True,True,True
config/universes/sp100.yaml,sp100_sample,a7_2_vix_only_40_60_k_20,0.4,0.6,0.2,vix_only,1.0,0.0,10.0,2022,0.05228517306023228,0.6434424146652269,-0.05443480517828281,1.3750000000000002,True,True,False
config/universes/sp100.yaml,sp100_sample,a7_2_vix_only_40_60_k_20,0.4,0.6,0.2,vix_only,1.0,0.0,10.0,2023_2026,0.21826197864510832,2.4427281070000673,-0.07490457772561177,1.3750000000000002,True,True,True
config/universes/sp100.yaml,sp100_sample,a7_2_vix_only_40_60_k_30,0.4,0.6,0.3,vix_only,1.0,0.0,10.0,2008_crisis,0.005648633483243959,0.04793733791370399,-0.10478718691878863,1.3750000000000002,True,True,False
config/universes/sp100.yaml,sp100_sample,a7_2_vix_only_40_60_k_30,0.4,0.6,0.3,vix_only,1.0,0.0,10.0,2010_2019,0.15879908082577865,1.6988903207240635,-0.11852229686039284,1.3750000000000002,True,True,True
config/universes/sp100.yaml,sp100_sample,a7_2_vix_only_40_60_k_30,0.4,0.6,0.3,vix_only,1.0,0.0,10.0,2020,0.164378536272334,1.0148964783502392,-0.1631217717086465,1.3750000000000002,True,True,True
config/universes/sp100.yaml,sp100_sample,a7_2_vix_only_40_60_k_30,0.4,0.6,0.3,vix_only,1.0,0.0,10.0,2022,0.04536024090268631,0.5713534814656245,-0.053185081320092586,1.3750000000000002,True,True,False
config/universes/sp100.yaml,sp100_sample,a7_2_vix_only_40_60_k_30,0.4,0.6,0.3,vix_only,1.0,0.0,10.0,2023_2026,0.21279207042181625,2.401584794592416,-0.07498254816906891,1.3750000000000002,True,True,True
config/universes/sp100.yaml,sp100_sample,a7_2_vix_only_40_60_k_40,0.4,0.6,0.4,vix_only,1.0,0.0,10.0,2008_crisis,0.005648633483243959,0.04793733791370399,-0.10478718691878863,1.3750000000000002,True,True,False
config/universes/sp100.yaml,sp100_sample,a7_2_vix_only_40_60_k_40,0.4,0.6,0.4,vix_only,1.0,0.0,10.0,2010_2019,0.15640755612734147,1.6768879048879743,-0.11979280894072253,1.3750000000000002,True,True,True
config/universes/sp100.yaml,sp100_sample,a7_2_vix_only_40_60_k_40,0.4,0.6,0.4,vix_only,1.0,0.0,10.0,2020,0.1647769267882373,1.0174625239812645,-0.16312177170864672,1.3750000000000002,True,True,True
config/universes/sp100.yaml,sp100_sample,a7_2_vix_only_40_60_k_40,0.4,0.6,0.4,vix_only,1.0,0.0,10.0,2022,0.04242185138043264,0.5381056421818766,-0.05228588030772985,1.3750000000000002,True,True,False
config/universes/sp100.yaml,sp100_sample,a7_2_vix_only_40_60_k_40,0.4,0.6,0.4,vix_only,1.0,0.0,10.0,2023_2026,0.2101157658560786,2.383327790088754,-0.0749825481690688,1.3750000000000002,True,True,True
config/universes/sp100.yaml,sp100_sample,a7_2_drawdown_only_60_40_k_20,0.6,0.4,0.2,drawdown_only,0.0,1.0,10.0,2008_crisis,-0.03160349716124855,-0.16082360573428303,-0.1859655422178612,1.2910396263369248,True,True,False
config/universes/sp100.yaml,sp100_sample,a7_2_drawdown_only_60_40_k_20,0.6,0.4,0.2,drawdown_only,0.0,1.0,10.0,2010_2019,0.18071123704367276,1.5739004040157358,-0.13882378848461907,1.2910396263369248,True,True,True
config/universes/sp100.yaml,sp100_sample,a7_2_drawdown_only_60_40_k_20,0.6,0.4,0.2,drawdown_only,0.0,1.0,10.0,2020,0.22255563561270075,0.953471725934356,-0.23275988037705886,1.2910396263369248,True,True,True
config/universes/sp100.yaml,sp100_sample,a7_2_drawdown_only_60_40_k_20,0.6,0.4,0.2,drawdown_only,0.0,1.0,10.0,2022,-0.026945038275022926,-0.2050097718817846,-0.11951486261052957,1.2910396263369248,True,True,False
config/universes/sp100.yaml,sp100_sample,a7_2_drawdown_only_60_40_k_20,0.6,0.4,0.2,drawdown_only,0.0,1.0,10.0,2023_2026,0.2657151416147454,2.4158679650404,-0.10653599727979524,1.2910396263369248,True,True,True
config/universes/sp100.yaml,sp100_sample,a7_2_drawdown_only_60_40_k_30,0.6,0.4,0.3,drawdown_only,0.0,1.0,10.0,2008_crisis,-0.00032813576423240676,-0.0021504186518585618,-0.12610942322067054,1.336559439505387,True,True,False
config/universes/sp100.yaml,sp100_sample,a7_2_drawdown_only_60_40_k_30,0.6,0.4,0.3,drawdown_only,0.0,1.0,10.0,2010_2019,0.18373003639895802,1.6455465122212265,-0.13077166998947776,1.336559439505387,True,True,True
config/universes/sp100.yaml,sp100_sample,a7_2_drawdown_only_60_40_k_30,0.6,0.4,0.3,drawdown_only,0.0,1.0,10.0,2020,0.24531088615404983,1.1475642722338013,-0.20939373014640106,1.336559439505387,True,True,True
config/universes/sp100.yaml,sp100_sample,a7_2_drawdown_only_60_40_k_30,0.6,0.4,0.3,drawdown_only,0.0,1.0,10.0,2022,-0.0080695793694604,-0.06807242576610677,-0.10522084158015921,1.336559439505387,True,True,False
config/universes/sp100.yaml,sp100_sample,a7_2_drawdown_only_60_40_k_30,0.6,0.4,0.3,drawdown_only,0.0,1.0,10.0,2023_2026,0.2644525123487962,2.46047339120278,-0.10097598287019238,1.336559439505387,True,True,True
config/universes/sp100.yaml,sp100_sample,a7_2_drawdown_only_60_40_k_40,0.6,0.4,0.4,drawdown_only,0.0,1.0,10.0,2008_crisis,0.020639212120878714,0.1599921301240605,-0.09660417926556208,1.375,True,True,False
config/universes/sp100.yaml,sp100_sample,a7_2_drawdown_only_60_40_k_40,0.6,0.4,0.4,drawdown_only,0.0,1.0,10.0,2010_2019,0.18603209102921947,1.7056747899937434,-0.12266029498983999,1.375,True,True,True
config/universes/sp100.yaml,sp100_sample,a7_2_drawdown_only_60_40_k_40,0.6,0.4,0.4,drawdown_only,0.0,1.0,10.0,2020,0.2538317904993501,1.2831133926151943,-0.1921832913527759,1.375,True,True,True
config/universes/sp100.yaml,sp100_sample,a7_2_drawdown_only_60_40_k_40,0.6,0.4,0.4,drawdown_only,0.0,1.0,10.0,2022,0.01079482144875854,0.10032446770788762,-0.09077948888707532,1.375,True,True,False
config/universes/sp100.yaml,sp100_sample,a7_2_drawdown_only_60_40_k_40,0.6,0.4,0.4,drawdown_only,0.0,1.0,10.0,2023_2026,0.2631548922915339,2.5017709411269,-0.09539782244723294,1.375,True,True,True
config/universes/sp100.yaml,sp100_sample,a7_2_drawdown_only_50_50_k_20,0.5,0.5,0.2,drawdown_only,0.0,1.0,10.0,2008_crisis,-0.002496182995449958,-0.017035934199818026,-0.12569643051548052,1.3410396263369246,True,True,False
config/universes/sp100.yaml,sp100_sample,a7_2_drawdown_only_50_50_k_20,0.5,0.5,0.2,drawdown_only,0.0,1.0,10.0,2010_2019,0.17098852276908216,1.6303110865434078,-0.11976255128084179,1.3410396263369246,True,True,True
config/universes/sp100.yaml,sp100_sample,a7_2_drawdown_only_50_50_k_20,0.5,0.5,0.2,drawdown_only,0.0,1.0,10.0,2020,0.21963077595773273,1.0992437246013038,-0.19935341699766063,1.3410396263369246,True,True,True
config/universes/sp100.yaml,sp100_sample,a7_2_drawdown_only_50_50_k_20,0.5,0.5,0.2,drawdown_only,0.0,1.0,10.0,2022,0.0034345960769754935,0.0326380673964774,-0.0891660646800082,1.3410396263369246,True,True,False
config/universes/sp100.yaml,sp100_sample,a7_2_drawdown_only_50_50_k_20,0.5,0.5,0.2,drawdown_only,0.0,1.0,10.0,2023_2026,0.24496489975298874,2.4424566147952933,-0.09437274437078458,1.3410396263369246,True,True,True
config/universes/sp100.yaml,sp100_sample,a7_2_drawdown_only_50_50_k_30,0.5,0.5,0.3,drawdown_only,0.0,1.0,10.0,2008_crisis,0.016629029688751684,0.13456509071660538,-0.09854875238381444,1.375,True,True,False
config/universes/sp100.yaml,sp100_sample,a7_2_drawdown_only_50_50_k_30,0.5,0.5,0.3,drawdown_only,0.0,1.0,10.0,2010_2019,0.1731537773324232,1.6876758006222818,-0.11157504316101574,1.375,True,True,True
config/universes/sp100.yaml,sp100_sample,a7_2_drawdown_only_50_50_k_30,0.5,0.5,0.3,drawdown_only,0.0,1.0,10.0,2020,0.22679889484295224,1.229528249048984,-0.1830821488769785,1.375,True,True,True
config/universes/sp100.yaml,sp100_sample,a7_2_drawdown_only_50_50_k_30,0.5,0.5,0.3,drawdown_only,0.0,1.0,10.0,2022,0.022227871534669985,0.23211460768421469,-0.07454014232473094,1.375,True,True,False
config/universes/sp100.yaml,sp100_sample,a7_2_drawdown_only_50_50_k_30,0.5,0.5,0.3,drawdown_only,0.0,1.0,10.0,2023_2026,0.24363476314287036,2.4792612914706207,-0.088772947345087,1.375,True,True,True
config/universes/sp100.yaml,sp100_sample,a7_2_drawdown_only_50_50_k_40,0.5,0.5,0.4,drawdown_only,0.0,1.0,10.0,2008_crisis,0.01525563273272934,0.12733420018051272,-0.1014453247495839,1.3750000000000002,True,True,False
config/universes/sp100.yaml,sp100_sample,a7_2_drawdown_only_50_50_k_40,0.5,0.5,0.4,drawdown_only,0.0,1.0,10.0,2010_2019,0.17400902844058974,1.7223945044782676,-0.11061761297647588,1.3750000000000002,True,True,True
config/universes/sp100.yaml,sp100_sample,a7_2_drawdown_only_50_50_k_40,0.5,0.5,0.4,drawdown_only,0.0,1.0,10.0,2020,0.22426067228599833,1.2655018414939754,-0.17733733042436794,1.3750000000000002,True,True,True
config/universes/sp100.yaml,sp100_sample,a7_2_drawdown_only_50_50_k_40,0.5,0.5,0.4,drawdown_only,0.0,1.0,10.0,2022,0.03276109205014355,0.36612199029528014,-0.06396899440328996,1.3750000000000002,True,True,False
config/universes/sp100.yaml,sp100_sample,a7_2_drawdown_only_50_50_k_40,0.5,0.5,0.4,drawdown_only,0.0,1.0,10.0,2023_2026,0.24225126993404134,2.5103086759457156,-0.08315613494139218,1.3750000000000002,True,True,True
config/universes/sp100.yaml,sp100_sample,a7_2_drawdown_only_40_60_k_20,0.4,0.6,0.2,drawdown_only,0.0,1.0,10.0,2008_crisis,0.012523999929829444,0.10462278515856656,-0.10105083785866731,1.375,True,True,False
config/universes/sp100.yaml,sp100_sample,a7_2_drawdown_only_40_60_k_20,0.4,0.6,0.2,drawdown_only,0.0,1.0,10.0,2010_2019,0.16044841780322594,1.6486689518010051,-0.11037953250906651,1.375,True,True,True
config/universes/sp100.yaml,sp100_sample,a7_2_drawdown_only_40_60_k_20,0.4,0.6,0.2,drawdown_only,0.0,1.0,10.0,2020,0.19996486186138518,1.1583264016032788,-0.17391429449587725,1.375,True,True,True
config/universes/sp100.yaml,sp100_sample,a7_2_drawdown_only_40_60_k_20,0.4,0.6,0.2,drawdown_only,0.0,1.0,10.0,2022,0.03234993691892707,0.3752521853151068,-0.06110565590181316,1.375,True,True,False
config/universes/sp100.yaml,sp100_sample,a7_2_drawdown_only_40_60_k_20,0.4,0.6,0.2,drawdown_only,0.0,1.0,10.0,2023_2026,0.22423009681880246,2.424409346336201,-0.08213484539352,1.375,True,True,True
config/universes/sp100.yaml,sp100_sample,a7_2_drawdown_only_40_60_k_30,0.4,0.6,0.3,drawdown_only,0.0,1.0,10.0,2008_crisis,0.009404523273765841,0.0796150395284128,-0.10393324731139997,1.3750000000000002,True,True,False
config/universes/sp100.yaml,sp100_sample,a7_2_drawdown_only_40_60_k_30,0.4,0.6,0.3,drawdown_only,0.0,1.0,10.0,2010_2019,0.16069185955848586,1.6699297537608264,-0.11011685898473922,1.3750000000000002,True,True,True
config/universes/sp100.yaml,sp100_sample,a7_2_drawdown_only_40_60_k_30,0.4,0.6,0.3,drawdown_only,0.0,1.0,10.0,2020,0.19777790742293178,1.1766109623651817,-0.17031229677295068,1.3750000000000002,True,True,True
config/universes/sp100.yaml,sp100_sample,a7_2_drawdown_only_40_60_k_30,0.4,0.6,0.3,drawdown_only,0.0,1.0,10.0,2022,0.03480130149037319,0.4215230234555925,-0.055436293393250735,1.3750000000000002,True,True,False
config/universes/sp100.yaml,sp100_sample,a7_2_drawdown_only_40_60_k_30,0.4,0.6,0.3,drawdown_only,0.0,1.0,10.0,2023_2026,0.22171563798603167,2.432098373097403,-0.07792707773649366,1.3750000000000002,True,True,True
config/universes/sp100.yaml,sp100_sample,a7_2_drawdown_only_40_60_k_40,0.4,0.6,0.4,drawdown_only,0.0,1.0,10.0,2008_crisis,0.00679111767515761,0.057629582843728724,-0.10391385996257052,1.3750000000000002,True,True,False
config/universes/sp100.yaml,sp100_sample,a7_2_drawdown_only_40_60_k_40,0.4,0.6,0.4,drawdown_only,0.0,1.0,10.0,2010_2019,0.160915387481267,1.684872743042532,-0.10987640568025558,1.3750000000000002,True,True,True
config/universes/sp100.yaml,sp100_sample,a7_2_drawdown_only_40_60_k_40,0.4,0.6,0.4,drawdown_only,0.0,1.0,10.0,2020,0.19810543510459877,1.1943302298847946,-0.16726409616560034,1.3750000000000002,True,True,True
config/universes/sp100.yaml,sp100_sample,a7_2_drawdown_only_40_60_k_40,0.4,0.6,0.4,drawdown_only,0.0,1.0,10.0,2022,0.03703128378770959,0.45573942888517927,-0.05387951933987323,1.3750000000000002,True,True,False
config/universes/sp100.yaml,sp100_sample,a7_2_drawdown_only_40_60_k_40,0.4,0.6,0.4,drawdown_only,0.0,1.0,10.0,2023_2026,0.21786976995464835,2.4158593226079055,-0.07578902869487836,1.3750000000000002,True,True,True
config/universes/sp100.yaml,sp100_sample,a7_2_weighted_50_50_60_40_k_20,0.6,0.4,0.2,weighted_50_50,0.5,0.5,10.0,2008_crisis,-0.022147401234360875,-0.11367824324614431,-0.1822986536848682,1.2944474119984524,True,True,False
config/universes/sp100.yaml,sp100_sample,a7_2_weighted_50_50_60_40_k_20,0.6,0.4,0.2,weighted_50_50,0.5,0.5,10.0,2010_2019,0.18365302834828912,1.652863273925062,-0.12819993263172602,1.2944474119984524,True,True,True
config/universes/sp100.yaml,sp100_sample,a7_2_weighted_50_50_60_40_k_20,0.6,0.4,0.2,weighted_50_50,0.5,0.5,10.0,2020,0.20735210707988894,0.9357885378142278,-0.22368596869622392,1.2944474119984524,True,True,True
config/universes/sp100.yaml,sp100_sample,a7_2_weighted_50_50_60_40_k_20,0.6,0.4,0.2,weighted_50_50,0.5,0.5,10.0,2022,-0.00996145760419731,-0.07976670780462823,-0.10948670742094391,1.2944474119984524,True,True,False
config/universes/sp100.yaml,sp100_sample,a7_2_weighted_50_50_60_40_k_20,0.6,0.4,0.2,weighted_50_50,0.5,0.5,10.0,2023_2026,0.2642445919760823,2.4858618560381345,-0.10007634799609755,1.2944474119984524,True,True,True
config/universes/sp100.yaml,sp100_sample,a7_2_weighted_50_50_60_40_k_30,0.6,0.4,0.3,weighted_50_50,0.5,0.5,10.0,2008_crisis,0.014312557013987925,0.09571279451521689,-0.12034120498636058,1.3416711179976786,True,True,False
config/universes/sp100.yaml,sp100_sample,a7_2_weighted_50_50_60_40_k_30,0.6,0.4,0.3,weighted_50_50,0.5,0.5,10.0,2010_2019,0.18808429129650328,1.7683680109414122,-0.11469598933314085,1.3416711179976786,True,True,True
config/universes/sp100.yaml,sp100_sample,a7_2_weighted_50_50_60_40_k_30,0.6,0.4,0.3,weighted_50_50,0.5,0.5,10.0,2020,0.2216518411354833,1.130631604394226,-0.19542549537231124,1.3416711179976786,True,True,True
config/universes/sp100.yaml,sp100_sample,a7_2_weighted_50_50_60_40_k_30,0.6,0.4,0.3,weighted_50_50,0.5,0.5,10.0,2022,0.017766601447199104,0.1622141389665224,-0.0899857771572975,1.3416711179976786,True,True,False
config/universes/sp100.yaml,sp100_sample,a7_2_weighted_50_50_60_40_k_30,0.6,0.4,0.3,weighted_50_50,0.5,0.5,10.0,2023_2026,0.26217675974643573,2.562898209720741,-0.0912477781152633,1.3416711179976786,True,True,True
config/universes/sp100.yaml,sp100_sample,a7_2_weighted_50_50_60_40_k_40,0.6,0.4,0.4,weighted_50_50,0.5,0.5,10.0,2008_crisis,0.02689296722570278,0.22080487676456842,-0.09269021192134097,1.375,True,True,False
config/universes/sp100.yaml,sp100_sample,a7_2_weighted_50_50_60_40_k_40,0.6,0.4,0.4,weighted_50_50,0.5,0.5,10.0,2010_2019,0.19236631064475707,1.8781054848070453,-0.10892778466324271,1.375,True,True,True
config/universes/sp100.yaml,sp100_sample,a7_2_weighted_50_50_60_40_k_40,0.6,0.4,0.4,weighted_50_50,0.5,0.5,10.0,2020,0.22014529230779445,1.2510743601639964,-0.1750646113919997,1.375,True,True,True
config/universes/sp100.yaml,sp100_sample,a7_2_weighted_50_50_60_40_k_40,0.6,0.4,0.4,weighted_50_50,0.5,0.5,10.0,2022,0.045601230731896925,0.46906068576111404,-0.0702042915400457,1.375,True,True,False
config/universes/sp100.yaml,sp100_sample,a7_2_weighted_50_50_60_40_k_40,0.6,0.4,0.4,weighted_50_50,0.5,0.5,10.0,2023_2026,0.26002716348119836,2.632006173777391,-0.08237546402883222,1.375,True,True,True
config/universes/sp100.yaml,sp100_sample,a7_2_weighted_50_50_50_50_k_20,0.5,0.5,0.2,weighted_50_50,0.5,0.5,10.0,2008_crisis,0.007115910992739893,0.04903980793050482,-0.12239372604633914,1.3444474119984526,True,True,False
config/universes/sp100.yaml,sp100_sample,a7_2_weighted_50_50_50_50_k_20,0.5,0.5,0.2,weighted_50_50,0.5,0.5,10.0,2010_2019,0.173798311306139,1.7080103243616203,-0.10997842468671892,1.3444474119984526,True,True,True
config/universes/sp100.yaml,sp100_sample,a7_2_weighted_50_50_50_50_k_20,0.5,0.5,0.2,weighted_50_50,0.5,0.5,10.0,2020,0.2038084280951411,1.0798466499026809,-0.19000416526384245,1.3444474119984526,True,True,True
config/universes/sp100.yaml,sp100_sample,a7_2_weighted_50_50_50_50_k_20,0.5,0.5,0.2,weighted_50_50,0.5,0.5,10.0,2022,0.02066160288809815,0.20706241351210689,-0.07889436125409732,1.3444474119984526,True,True,False
config/universes/sp100.yaml,sp100_sample,a7_2_weighted_50_50_50_50_k_20,0.5,0.5,0.2,weighted_50_50,0.5,0.5,10.0,2023_2026,0.24340309534749438,2.50394093489084,-0.08787616056658976,1.3444474119984526,True,True,True
config/universes/sp100.yaml,sp100_sample,a7_2_weighted_50_50_50_50_k_30,0.5,0.5,0.3,weighted_50_50,0.5,0.5,10.0,2008_crisis,0.02084679748684226,0.1743576976892406,-0.09643078714793685,1.375,True,True,False
config/universes/sp100.yaml,sp100_sample,a7_2_weighted_50_50_50_50_k_30,0.5,0.5,0.3,weighted_50_50,0.5,0.5,10.0,2010_2019,0.1776418859229254,1.8073258818584774,-0.10859525681742876,1.375,True,True,True
config/universes/sp100.yaml,sp100_sample,a7_2_weighted_50_50_50_50_k_30,0.5,0.5,0.3,weighted_50_50,0.5,0.5,10.0,2020,0.20249174552710492,1.1939919178262959,-0.17004049951091005,1.375,True,True,True
config/universes/sp100.yaml,sp100_sample,a7_2_weighted_50_50_50_50_k_30,0.5,0.5,0.3,weighted_50_50,0.5,0.5,10.0,2022,0.046731149958796125,0.5234696593489617,-0.05938442824842405,1.375,True,True,False
config/universes/sp100.yaml,sp100_sample,a7_2_weighted_50_50_50_50_k_30,0.5,0.5,0.3,weighted_50_50,0.5,0.5,10.0,2023_2026,0.24122672775581178,2.5639614188822204,-0.07898972461869647,1.375,True,True,True
config/universes/sp100.yaml,sp100_sample,a7_2_weighted_50_50_50_50_k_40,0.5,0.5,0.4,weighted_50_50,0.5,0.5,10.0,2008_crisis,0.014562134415015304,0.12357570477884817,-0.09955705670434423,1.3750000000000002,True,True,False
config/universes/sp100.yaml,sp100_sample,a7_2_weighted_50_50_50_50_k_40,0.5,0.5,0.4,weighted_50_50,0.5,0.5,10.0,2010_2019,0.17682387952414746,1.840052200054088,-0.10965975028962405,1.3750000000000002,True,True,True
config/universes/sp100.yaml,sp100_sample,a7_2_weighted_50_50_50_50_k_40,0.5,0.5,0.4,weighted_50_50,0.5,0.5,10.0,2020,0.19163687676596042,1.1683501881993983,-0.16500123212511408,1.3750000000000002,True,True,True
config/universes/sp100.yaml,sp100_sample,a7_2_weighted_50_50_50_50_k_40,0.5,0.5,0.4,weighted_50_50,0.5,0.5,10.0,2022,0.051244739940830675,0.6113615587043383,-0.055190218745110764,1.3750000000000002,True,True,False
config/universes/sp100.yaml,sp100_sample,a7_2_weighted_50_50_50_50_k_40,0.5,0.5,0.4,weighted_50_50,0.5,0.5,10.0,2023_2026,0.23578275600615828,2.5697637517212097,-0.07503463577519154,1.3750000000000002,True,True,True
config/universes/sp100.yaml,sp100_sample,a7_2_weighted_50_50_40_60_k_20,0.4,0.6,0.2,weighted_50_50,0.5,0.5,10.0,2008_crisis,0.014724064303159867,0.12463333581508604,-0.09975913291016003,1.3750000000000002,True,True,False
config/universes/sp100.yaml,sp100_sample,a7_2_weighted_50_50_40_60_k_20,0.4,0.6,0.2,weighted_50_50,0.5,0.5,10.0,2010_2019,0.1626749866949453,1.7124702210574596,-0.1126342163544144,1.3750000000000002,True,True,True
config/universes/sp100.yaml,sp100_sample,a7_2_weighted_50_50_40_60_k_20,0.4,0.6,0.2,weighted_50_50,0.5,0.5,10.0,2020,0.18607052433729332,1.1293821846422605,-0.16594358001157594,1.3750000000000002,True,True,True
config/universes/sp100.yaml,sp100_sample,a7_2_weighted_50_50_40_60_k_20,0.4,0.6,0.2,weighted_50_50,0.5,0.5,10.0,2022,0.04801088379873275,0.5782941767298053,-0.0541069501327488,1.3750000000000002,True,True,False
config/universes/sp100.yaml,sp100_sample,a7_2_weighted_50_50_40_60_k_20,0.4,0.6,0.2,weighted_50_50,0.5,0.5,10.0,2023_2026,0.22237028349324017,2.465276378610284,-0.07608005619738789,1.3750000000000002,True,True,True
config/universes/sp100.yaml,sp100_sample,a7_2_weighted_50_50_40_60_k_30,0.4,0.6,0.3,weighted_50_50,0.5,0.5,10.0,2008_crisis,0.006045893603983998,0.05131878094735037,-0.10441622046046484,1.3750000000000002,True,True,False
config/universes/sp100.yaml,sp100_sample,a7_2_weighted_50_50_40_60_k_30,0.4,0.6,0.3,weighted_50_50,0.5,0.5,10.0,2010_2019,0.1605008163714181,1.7119618489650725,-0.11438378577540154,1.3750000000000002,True,True,True
config/universes/sp100.yaml,sp100_sample,a7_2_weighted_50_50_40_60_k_30,0.4,0.6,0.3,weighted_50_50,0.5,0.5,10.0,2020,0.174253653704473,1.0740837082403047,-0.16356781004980503,1.3750000000000002,True,True,True
config/universes/sp100.yaml,sp100_sample,a7_2_weighted_50_50_40_60_k_30,0.4,0.6,0.3,weighted_50_50,0.5,0.5,10.0,2022,0.04245612529250686,0.5295223916938343,-0.05427037439778182,1.3750000000000002,True,True,False
config/universes/sp100.yaml,sp100_sample,a7_2_weighted_50_50_40_60_k_30,0.4,0.6,0.3,weighted_50_50,0.5,0.5,10.0,2023_2026,0.2157401431237067,2.431368504781836,-0.07507094223007582,1.3750000000000002,True,True,True
config/universes/sp100.yaml,sp100_sample,a7_2_weighted_50_50_40_60_k_40,0.4,0.6,0.4,weighted_50_50,0.5,0.5,10.0,2008_crisis,0.005648633483243959,0.04793733791370399,-0.10478718691878863,1.3750000000000002,True,True,False
config/universes/sp100.yaml,sp100_sample,a7_2_weighted_50_50_40_60_k_40,0.4,0.6,0.4,weighted_50_50,0.5,0.5,10.0,2010_2019,0.15778226437717202,1.6905338299636377,-0.11657824930532534,1.3750000000000002,True,True,True
config/universes/sp100.yaml,sp100_sample,a7_2_weighted_50_50_40_60_k_40,0.4,0.6,0.4,weighted_50_50,0.5,0.5,10.0,2020,0.16689908828928535,1.0291909778745152,-0.16319740441550168,1.3750000000000002,True,True,True
config/universes/sp100.yaml,sp100_sample,a7_2_weighted_50_50_40_60_k_40,0.4,0.6,0.4,weighted_50_50,0.5,0.5,10.0,2022,0.041947606751086886,0.5287527025263791,-0.05297631059932284,1.3750000000000002,True,True,False
config/universes/sp100.yaml,sp100_sample,a7_2_weighted_50_50_40_60_k_40,0.4,0.6,0.4,weighted_50_50,0.5,0.5,10.0,2023_2026,0.2098483548441339,2.381440776777596,-0.07493156224283559,1.3750000000000002,True,True,True
config/universes/sp100.yaml,sp100_sample,a7_2_weighted_70_30_60_40_k_20,0.6,0.4,0.2,weighted_70_30,0.7,0.3,10.0,2008_crisis,-0.018402034238625853,-0.09469885447129218,-0.18085545363750088,1.2966684471990715,True,True,False
config/universes/sp100.yaml,sp100_sample,a7_2_weighted_70_30_60_40_k_20,0.6,0.4,0.2,weighted_70_30,0.7,0.3,10.0,2010_2019,0.1847253046043973,1.6827793978362053,-0.12393421948530481,1.2966684471990715,True,True,True
config/universes/sp100.yaml,sp100_sample,a7_2_weighted_70_30_60_40_k_20,0.6,0.4,0.2,weighted_70_30,0.7,0.3,10.0,2020,0.20118651171078672,0.9270091540796604,-0.22003966829026889,1.2966684471990715,True,True,True
config/universes/sp100.yaml,sp100_sample,a7_2_weighted_70_30_60_40_k_20,0.6,0.4,0.2,weighted_70_30,0.7,0.3,10.0,2022,-0.0033121360700871794,-0.02706271921669839,-0.10549423644505451,1.2966684471990715,True,True,False
config/universes/sp100.yaml,sp100_sample,a7_2_weighted_70_30_60_40_k_20,0.6,0.4,0.2,weighted_70_30,0.7,0.3,10.0,2023_2026,0.2635399670988454,2.510960414398229,-0.09748982186160593,1.2966684471990715,True,True,True
config/universes/sp100.yaml,sp100_sample,a7_2_weighted_70_30_60_40_k_30,0.6,0.4,0.3,weighted_70_30,0.7,0.3,10.0,2008_crisis,0.020104853553086333,0.13510470769087166,-0.11809476275988906,1.3450026707986074,True,True,False
config/universes/sp100.yaml,sp100_sample,a7_2_weighted_70_30_60_40_k_30,0.6,0.4,0.3,weighted_70_30,0.7,0.3,10.0,2010_2019,0.18965280553232677,1.8132690483134997,-0.1093534985725445,1.3450026707986074,True,True,True
config/universes/sp100.yaml,sp100_sample,a7_2_weighted_70_30_60_40_k_30,0.6,0.4,0.3,weighted_70_30,0.7,0.3,10.0,2020,0.21203855785500125,1.1193866536412094,-0.18980018413040256,1.3450026707986074,True,True,True
config/universes/sp100.yaml,sp100_sample,a7_2_weighted_70_30_60_40_k_30,0.6,0.4,0.3,weighted_70_30,0.7,0.3,10.0,2022,0.027920457971645884,0.2627041194792202,-0.08390123803816985,1.3450026707986074,True,True,False
config/universes/sp100.yaml,sp100_sample,a7_2_weighted_70_30_60_40_k_30,0.6,0.4,0.3,weighted_70_30,0.7,0.3,10.0,2023_2026,0.2610736261047668,2.5965811581373592,-0.08734915001363275,1.3450026707986074,True,True,True
config/universes/sp100.yaml,sp100_sample,a7_2_weighted_70_30_60_40_k_40,0.6,0.4,0.4,weighted_70_30,0.7,0.3,10.0,2008_crisis,0.030425370371701455,0.25292246118013606,-0.09173876364329325,1.375,True,True,False
config/universes/sp100.yaml,sp100_sample,a7_2_weighted_70_30_60_40_k_40,0.6,0.4,0.4,weighted_70_30,0.7,0.3,10.0,2010_2019,0.193810133192994,1.929041242030605,-0.10752715447055206,1.375,True,True,True
config/universes/sp100.yaml,sp100_sample,a7_2_weighted_70_30_60_40_k_40,0.6,0.4,0.4,weighted_70_30,0.7,0.3,10.0,2020,0.2080517197307601,1.2325575321850029,-0.16807713014013592,1.375,True,True,True
config/universes/sp100.yaml,sp100_sample,a7_2_weighted_70_30_60_40_k_40,0.6,0.4,0.4,weighted_70_30,0.7,0.3,10.0,2022,0.05738107853632579,0.6105269181402893,-0.06262629419945898,1.375,True,True,False
config/universes/sp100.yaml,sp100_sample,a7_2_weighted_70_30_60_40_k_40,0.6,0.4,0.4,weighted_70_30,0.7,0.3,10.0,2023_2026,0.25846782167654503,2.6686555424104665,-0.0772299923919324,1.375,True,True,True
config/universes/sp100.yaml,sp100_sample,a7_2_weighted_70_30_50_50_k_20,0.5,0.5,0.2,weighted_70_30,0.7,0.3,10.0,2008_crisis,0.010921761853960543,0.07544366740955163,-0.12109727494767863,1.3466684471990713,True,True,False
config/universes/sp100.yaml,sp100_sample,a7_2_weighted_70_30_50_50_k_20,0.5,0.5,0.2,weighted_70_30,0.7,0.3,10.0,2010_2019,0.17481758624363497,1.7364999030793402,-0.10926902963555174,1.3466684471990713,True,True,True
config/universes/sp100.yaml,sp100_sample,a7_2_weighted_70_30_50_50_k_20,0.5,0.5,0.2,weighted_70_30,0.7,0.3,10.0,2020,0.19739741631229601,1.0695888160143816,-0.18638656406696297,1.3466684471990713,True,True,True
config/universes/sp100.yaml,sp100_sample,a7_2_weighted_70_30_50_50_k_20,0.5,0.5,0.2,weighted_70_30,0.7,0.3,10.0,2022,0.027400030650482687,0.28016656584152305,-0.07480673160839324,1.3466684471990713,True,True,False
config/universes/sp100.yaml,sp100_sample,a7_2_weighted_70_30_50_50_k_20,0.5,0.5,0.2,weighted_70_30,0.7,0.3,10.0,2023_2026,0.24266696141594557,2.52436743378632,-0.08527499487842405,1.3466684471990713,True,True,True
config/universes/sp100.yaml,sp100_sample,a7_2_weighted_70_30_50_50_k_30,0.5,0.5,0.3,weighted_70_30,0.7,0.3,10.0,2008_crisis,0.02215286971660224,0.1866841171411831,-0.09509102412064552,1.375,True,True,False
config/universes/sp100.yaml,sp100_sample,a7_2_weighted_70_30_50_50_k_30,0.5,0.5,0.3,weighted_70_30,0.7,0.3,10.0,2010_2019,0.17870801965072358,1.8420992414320243,-0.11001373742721221,1.375,True,True,True
config/universes/sp100.yaml,sp100_sample,a7_2_weighted_70_30_50_50_k_30,0.5,0.5,0.3,weighted_70_30,0.7,0.3,10.0,2020,0.19413726865065217,1.1738391384477314,-0.165608637273573,1.375,True,True,True
config/universes/sp100.yaml,sp100_sample,a7_2_weighted_70_30_50_50_k_30,0.5,0.5,0.3,weighted_70_30,0.7,0.3,10.0,2022,0.055043733543236106,0.6305322565491166,-0.05550172160325584,1.375,True,True,False
config/universes/sp100.yaml,sp100_sample,a7_2_weighted_70_30_50_50_k_30,0.5,0.5,0.3,weighted_70_30,0.7,0.3,10.0,2023_2026,0.23970119747448781,2.5826894755571956,-0.07576557840845877,1.375,True,True,True
config/universes/sp100.yaml,sp100_sample,a7_2_weighted_70_30_50_50_k_40,0.5,0.5,0.4,weighted_70_30,0.7,0.3,10.0,2008_crisis,0.010579931135978882,0.08982670146741717,-0.10089417444892224,1.3750000000000002,True,True,False
config/universes/sp100.yaml,sp100_sample,a7_2_weighted_70_30_50_50_k_40,0.5,0.5,0.4,weighted_70_30,0.7,0.3,10.0,2010_2019,0.1760730656713987,1.8473022287551137,-0.11278486502805407,1.3750000000000002,True,True,True
config/universes/sp100.yaml,sp100_sample,a7_2_weighted_70_30_50_50_k_40,0.5,0.5,0.4,weighted_70_30,0.7,0.3,10.0,2020,0.17596666019059826,1.082944488235873,-0.16370626301333124,1.3750000000000002,True,True,True
config/universes/sp100.yaml,sp100_sample,a7_2_weighted_70_30_50_50_k_40,0.5,0.5,0.4,weighted_70_30,0.7,0.3,10.0,2022,0.051442762051111535,0.6232043811188971,-0.05580460825156208,1.3750000000000002,True,True,False
config/universes/sp100.yaml,sp100_sample,a7_2_weighted_70_30_50_50_k_40,0.5,0.5,0.4,weighted_70_30,0.7,0.3,10.0,2023_2026,0.2323647142329146,2.550091918258669,-0.07483407870275216,1.3750000000000002,True,True,True
config/universes/sp100.yaml,sp100_sample,a7_2_weighted_70_30_40_60_k_20,0.4,0.6,0.2,weighted_70_30,0.7,0.3,10.0,2008_crisis,0.014220543756576776,0.12062162827307872,-0.0988631200046175,1.3750000000000002,True,True,False
config/universes/sp100.yaml,sp100_sample,a7_2_weighted_70_30_40_60_k_20,0.4,0.6,0.2,weighted_70_30,0.7,0.3,10.0,2010_2019,0.16320553845147834,1.729951098839438,-0.1136904734612526,1.3750000000000002,True,True,True
config/universes/sp100.yaml,sp100_sample,a7_2_weighted_70_30_40_60_k_20,0.4,0.6,0.2,weighted_70_30,0.7,0.3,10.0,2020,0.17877171104859935,1.0979775422546867,-0.1637983444043134,1.3750000000000002,True,True,True
config/universes/sp100.yaml,sp100_sample,a7_2_weighted_70_30_40_60_k_20,0.4,0.6,0.2,weighted_70_30,0.7,0.3,10.0,2022,0.0515226901376864,0.6267328843069834,-0.053736645868337596,1.3750000000000002,True,True,False
config/universes/sp100.yaml,sp100_sample,a7_2_weighted_70_30_40_60_k_20,0.4,0.6,0.2,weighted_70_30,0.7,0.3,10.0,2023_2026,0.22070548673027268,2.4637388709457664,-0.07509707731889204,1.3750000000000002,True,True,True
config/universes/sp100.yaml,sp100_sample,a7_2_weighted_70_30_40_60_k_30,0.4,0.6,0.3,weighted_70_30,0.7,0.3,10.0,2008_crisis,0.005482979078262451,0.046532974140050525,-0.10480108003538957,1.3750000000000002,True,True,False
config/universes/sp100.yaml,sp100_sample,a7_2_weighted_70_30_40_60_k_30,0.4,0.6,0.3,weighted_70_30,0.7,0.3,10.0,2010_2019,0.15918924483606567,1.7022194065348828,-0.1166681637047654,1.3750000000000002,True,True,True
config/universes/sp100.yaml,sp100_sample,a7_2_weighted_70_30_40_60_k_30,0.4,0.6,0.3,weighted_70_30,0.7,0.3,10.0,2020,0.16610260471294036,1.0244461035786288,-0.16318893285660163,1.3750000000000002,True,True,True
config/universes/sp100.yaml,sp100_sample,a7_2_weighted_70_30_40_60_k_30,0.4,0.6,0.3,weighted_70_30,0.7,0.3,10.0,2022,0.044138042856717075,0.5538584552390564,-0.053736853794179695,1.3750000000000002,True,True,False
config/universes/sp100.yaml,sp100_sample,a7_2_weighted_70_30_40_60_k_30,0.4,0.6,0.3,weighted_70_30,0.7,0.3,10.0,2023_2026,0.21342540164184576,2.4089227446472536,-0.07493580556968726,1.3750000000000002,True,True,True
config/universes/sp100.yaml,sp100_sample,a7_2_weighted_70_30_40_60_k_40,0.4,0.6,0.4,weighted_70_30,0.7,0.3,10.0,2008_crisis,0.005648633483243959,0.04793733791370399,-0.10478718691878863,1.3750000000000002,True,True,False
config/universes/sp100.yaml,sp100_sample,a7_2_weighted_70_30_40_60_k_40,0.4,0.6,0.4,weighted_70_30,0.7,0.3,10.0,2010_2019,0.15645035253580475,1.6780831883847303,-0.11826801307671198,1.3750000000000002,True,True,True
config/universes/sp100.yaml,sp100_sample,a7_2_weighted_70_30_40_60_k_40,0.4,0.6,0.4,weighted_70_30,0.7,0.3,10.0,2020,0.16431498262705913,1.014482221706137,-0.1631217717086466,1.3750000000000002,True,True,True
config/universes/sp100.yaml,sp100_sample,a7_2_weighted_70_30_40_60_k_40,0.4,0.6,0.4,weighted_70_30,0.7,0.3,10.0,2022,0.041824172178622776,0.5288619224942489,-0.05272019675717643,1.3750000000000002,True,True,False
config/universes/sp100.yaml,sp100_sample,a7_2_weighted_70_30_40_60_k_40,0.4,0.6,0.4,weighted_70_30,0.7,0.3,10.0,2023_2026,0.2088814925651321,2.372012182489167,-0.07500567360536459,1.3750000000000002,True,True,True
config/universes/sp100.yaml,sp100_sample,a7_2_weighted_30_70_60_40_k_20,0.6,0.4,0.2,weighted_30_70,0.3,0.7,10.0,2008_crisis,-0.025905418694127103,-0.13255830756383793,-0.1837482798611204,1.2922263767978335,True,True,False
config/universes/sp100.yaml,sp100_sample,a7_2_weighted_30_70_60_40_k_20,0.6,0.4,0.2,weighted_30_70,0.3,0.7,10.0,2010_2019,0.18254044087035326,1.6220901089492104,-0.13245662316846896,1.2922263767978335,True,True,True
config/universes/sp100.yaml,sp100_sample,a7_2_weighted_30_70_60_40_k_20,0.6,0.4,0.2,weighted_30_70,0.3,0.7,10.0,2020,0.21346633328509101,0.9435407018645133,-0.22732271477417254,1.2922263767978335,True,True,True
config/universes/sp100.yaml,sp100_sample,a7_2_weighted_30_70_60_40_k_20,0.6,0.4,0.2,weighted_30_70,0.3,0.7,10.0,2022,-0.016651498788720298,-0.1306496711733102,-0.11348144048217645,1.2922263767978335,True,True,False
config/universes/sp100.yaml,sp100_sample,a7_2_weighted_30_70_60_40_k_20,0.6,0.4,0.2,weighted_30_70,0.3,0.7,10.0,2023_2026,0.264899209705612,2.459165316463581,-0.10266222067757624,1.2922263767978335,True,True,True
config/universes/sp100.yaml,sp100_sample,a7_2_weighted_30_70_60_40_k_30,0.6,0.4,0.3,weighted_30_70,0.3,0.7,10.0,2008_crisis,0.008496715585206038,0.05643823961535302,-0.12261876650245473,1.3383395651967505,True,True,False
config/universes/sp100.yaml,sp100_sample,a7_2_weighted_30_70_60_40_k_30,0.6,0.4,0.3,weighted_30_70,0.3,0.7,10.0,2010_2019,0.18644620071709062,1.7210377883611039,-0.12114364024413649,1.3383395651967505,True,True,True
config/universes/sp100.yaml,sp100_sample,a7_2_weighted_30_70_60_40_k_30,0.6,0.4,0.3,weighted_30_70,0.3,0.7,10.0,2020,0.23117873280386947,1.1391263176747404,-0.20102911508444932,1.3383395651967505,True,True,True
config/universes/sp100.yaml,sp100_sample,a7_2_weighted_30_70_60_40_k_30,0.6,0.4,0.3,weighted_30_70,0.3,0.7,10.0,2022,0.007570830628746084,0.06700583933025317,-0.09606450876828654,1.3383395651967505,True,True,False
config/universes/sp100.yaml,sp100_sample,a7_2_weighted_30_70_60_40_k_30,0.6,0.4,0.3,weighted_30_70,0.3,0.7,10.0,2023_2026,0.2631956261541337,2.52495741699704,-0.09514354323923113,1.3383395651967505,True,True,True
config/universes/sp100.yaml,sp100_sample,a7_2_weighted_30_70_60_40_k_40,0.6,0.4,0.4,weighted_30_70,0.3,0.7,10.0,2008_crisis,0.024429436915155645,0.19662617986182,-0.09403991050392768,1.375,True,True,False
config/universes/sp100.yaml,sp100_sample,a7_2_weighted_30_70_60_40_k_40,0.6,0.4,0.4,weighted_30_70,0.3,0.7,10.0,2010_2019,0.19021480155586956,1.8148768538389268,-0.11033044959241411,1.375,True,True,True
config/universes/sp100.yaml,sp100_sample,a7_2_weighted_30_70_60_40_k_40,0.6,0.4,0.4,weighted_30_70,0.3,0.7,10.0,2020,0.23376640677667182,1.268769034839204,-0.1820832247195101,1.375,True,True,True
config/universes/sp100.yaml,sp100_sample,a7_2_weighted_30_70_60_40_k_40,0.6,0.4,0.4,weighted_30_70,0.3,0.7,10.0,2022,0.03191422415658951,0.3158695101454014,-0.07842449027188081,1.375,True,True,False
config/universes/sp100.yaml,sp100_sample,a7_2_weighted_30_70_60_40_k_40,0.6,0.4,0.4,weighted_30_70,0.3,0.7,10.0,2023_2026,0.2614349179449771,2.5858957565781604,-0.08759229481757236,1.375,True,True,True
config/universes/sp100.yaml,sp100_sample,a7_2_weighted_30_70_50_50_k_20,0.5,0.5,0.2,weighted_30_70,0.3,0.7,10.0,2008_crisis,0.003296572150542687,0.022645278314953568,-0.12369788058092612,1.3422263767978335,True,True,False
config/universes/sp100.yaml,sp100_sample,a7_2_weighted_30_70_50_50_k_20,0.5,0.5,0.2,weighted_30_70,0.3,0.7,10.0,2010_2019,0.1727364693492346,1.678114058220893,-0.11330699522508325,1.3422263767978335,True,True,True
config/universes/sp100.yaml,sp100_sample,a7_2_weighted_30_70_50_50_k_20,0.5,0.5,0.2,weighted_30_70,0.3,0.7,10.0,2020,0.21016775969509838,1.0885855864203704,-0.19374139413014868,1.3422263767978335,True,True,True
config/universes/sp100.yaml,sp100_sample,a7_2_weighted_30_70_50_50_k_20,0.5,0.5,0.2,weighted_30_70,0.3,0.7,10.0,2022,0.013875903938843193,0.1361925496357586,-0.0829880644560016,1.3422263767978335,True,True,False
config/universes/sp100.yaml,sp100_sample,a7_2_weighted_30_70_50_50_k_20,0.5,0.5,0.2,weighted_30_70,0.3,0.7,10.0,2023_2026,0.24409318513744305,2.4811983456889344,-0.09047676133486626,1.3422263767978335,True,True,True
config/universes/sp100.yaml,sp100_sample,a7_2_weighted_30_70_50_50_k_30,0.5,0.5,0.3,weighted_30_70,0.3,0.7,10.0,2008_crisis,0.019436768684282013,0.16080412520300055,-0.09700675590411423,1.375,True,True,False
config/universes/sp100.yaml,sp100_sample,a7_2_weighted_30_70_50_50_k_30,0.5,0.5,0.3,weighted_30_70,0.3,0.7,10.0,2010_2019,0.176214006869452,1.7651804503386967,-0.1095527622088388,1.375,True,True,True
config/universes/sp100.yaml,sp100_sample,a7_2_weighted_30_70_50_50_k_30,0.5,0.5,0.3,weighted_30_70,0.3,0.7,10.0,2020,0.21173945691634244,1.2084561316205689,-0.1751811917913918,1.375,True,True,True
config/universes/sp100.yaml,sp100_sample,a7_2_weighted_30_70_50_50_k_30,0.5,0.5,0.3,weighted_30_70,0.3,0.7,10.0,2022,0.03777183138235629,0.412342643385144,-0.06516146146865809,1.375,True,True,False
config/universes/sp100.yaml,sp100_sample,a7_2_weighted_30_70_50_50_k_30,0.5,0.5,0.3,weighted_30_70,0.3,0.7,10.0,2023_2026,0.2422948929516464,2.534428690568623,-0.08290739294132643,1.375,True,True,True
config/universes/sp100.yaml,sp100_sample,a7_2_weighted_30_70_50_50_k_40,0.5,0.5,0.4,weighted_30_70,0.3,0.7,10.0,2008_crisis,0.01603998995498035,0.1357345108924962,-0.09964381980304615,1.3750000000000002,True,True,False
config/universes/sp100.yaml,sp100_sample,a7_2_weighted_30_70_50_50_k_40,0.5,0.5,0.4,weighted_30_70,0.3,0.7,10.0,2010_2019,0.17589151536881698,1.7999134688077931,-0.10841599956400161,1.3750000000000002,True,True,True
config/universes/sp100.yaml,sp100_sample,a7_2_weighted_30_70_50_50_k_40,0.5,0.5,0.4,weighted_30_70,0.3,0.7,10.0,2020,0.20442413075348664,1.2153414110423444,-0.16923084091203633,1.3750000000000002,True,True,True
config/universes/sp100.yaml,sp100_sample,a7_2_weighted_30_70_50_50_k_40,0.5,0.5,0.4,weighted_30_70,0.3,0.7,10.0,2022,0.04703299755759249,0.5507100608914269,-0.056040103281772224,1.3750000000000002,True,True,False
config/universes/sp100.yaml,sp100_sample,a7_2_weighted_30_70_50_50_k_40,0.5,0.5,0.4,weighted_30_70,0.3,0.7,10.0,2023_2026,0.2393252628646676,2.565189162431335,-0.07717350930539157,1.3750000000000002,True,True,True
config/universes/sp100.yaml,sp100_sample,a7_2_weighted_30_70_40_60_k_20,0.4,0.6,0.2,weighted_30_70,0.3,0.7,10.0,2008_crisis,0.013820671937457618,0.11649981825422558,-0.10060213610776458,1.375,True,True,False
config/universes/sp100.yaml,sp100_sample,a7_2_weighted_30_70_40_60_k_20,0.4,0.6,0.2,weighted_30_70,0.3,0.7,10.0,2010_2019,0.16172696942568554,1.6876194874208001,-0.11170895868387998,1.375,True,True,True
config/universes/sp100.yaml,sp100_sample,a7_2_weighted_30_70_40_60_k_20,0.4,0.6,0.2,weighted_30_70,0.3,0.7,10.0,2020,0.19203108244344103,1.147282764962908,-0.16862454520124326,1.375,True,True,True
config/universes/sp100.yaml,sp100_sample,a7_2_weighted_30_70_40_60_k_20,0.4,0.6,0.2,weighted_30_70,0.3,0.7,10.0,2022,0.041671847241881554,0.4950298246774227,-0.05678269036646544,1.375,True,True,False
config/universes/sp100.yaml,sp100_sample,a7_2_weighted_30_70_40_60_k_20,0.4,0.6,0.2,weighted_30_70,0.3,0.7,10.0,2023_2026,0.22330475312152687,2.4531416247605544,-0.07821701273626602,1.375,True,True,True
config/universes/sp100.yaml,sp100_sample,a7_2_weighted_30_70_40_60_k_30,0.4,0.6,0.3,weighted_30_70,0.3,0.7,10.0,2008_crisis,0.007641870345358015,0.06485994866202166,-0.10379507045301506,1.3750000000000002,True,True,False
config/universes/sp100.yaml,sp100_sample,a7_2_weighted_30_70_40_60_k_30,0.4,0.6,0.3,weighted_30_70,0.3,0.7,10.0,2010_2019,0.1611309693450098,1.706895102017629,-0.11224223988975413,1.3750000000000002,True,True,True
config/universes/sp100.yaml,sp100_sample,a7_2_weighted_30_70_40_60_k_30,0.4,0.6,0.3,weighted_30_70,0.3,0.7,10.0,2020,0.18497944468351757,1.1320623786790833,-0.1649754497171212,1.3750000000000002,True,True,True
config/universes/sp100.yaml,sp100_sample,a7_2_weighted_30_70_40_60_k_30,0.4,0.6,0.3,weighted_30_70,0.3,0.7,10.0,2022,0.04107224172204482,0.5072139071871812,-0.05406380098118424,1.3750000000000002,True,True,False
config/universes/sp100.yaml,sp100_sample,a7_2_weighted_30_70_40_60_k_30,0.4,0.6,0.3,weighted_30_70,0.3,0.7,10.0,2023_2026,0.21800524497394358,2.4421875992092184,-0.07492535051568672,1.3750000000000002,True,True,True
config/universes/sp100.yaml,sp100_sample,a7_2_weighted_30_70_40_60_k_40,0.4,0.6,0.4,weighted_30_70,0.3,0.7,10.0,2008_crisis,0.0055184440215061414,0.046833699101605585,-0.1047932406785248,1.3750000000000002,True,True,False
config/universes/sp100.yaml,sp100_sample,a7_2_weighted_30_70_40_60_k_40,0.4,0.6,0.4,weighted_30_70,0.3,0.7,10.0,2010_2019,0.1602496606408894,1.7099633338748847,-0.1134135248618674,1.3750000000000002,True,True,True
config/universes/sp100.yaml,sp100_sample,a7_2_weighted_30_70_40_60_k_40,0.4,0.6,0.4,weighted_30_70,0.3,0.7,10.0,2020,0.17857149380464832,1.1001275801850134,-0.16372666765791766,1.3750000000000002,True,True,True
config/universes/sp100.yaml,sp100_sample,a7_2_weighted_30_70_40_60_k_40,0.4,0.6,0.4,weighted_30_70,0.3,0.7,10.0,2022,0.040972218149235795,0.5132284815113389,-0.053450365413514,1.3750000000000002,True,True,False
config/universes/sp100.yaml,sp100_sample,a7_2_weighted_30_70_40_60_k_40,0.4,0.6,0.4,weighted_30_70,0.3,0.7,10.0,2023_2026,0.21315749382864424,2.4100467735814997,-0.07524459078364454,1.3750000000000002,True,True,True
config/universes/sp500.yaml,sp500_dynamic,a7_2_vix_only_60_40_k_20,0.6,0.4,0.2,vix_only,1.0,0.0,10.0,2008_crisis,0.007429869987760407,0.022891871159687747,-0.22272411273185466,1.3000000000000003,True,True,False
config/universes/sp500.yaml,sp500_dynamic,a7_2_vix_only_60_40_k_20,0.6,0.4,0.2,vix_only,1.0,0.0,10.0,2010_2019,0.21056761763535126,1.4467537399917225,-0.21976676811082252,1.3000000000000003,True,True,True
config/universes/sp500.yaml,sp500_dynamic,a7_2_vix_only_60_40_k_20,0.6,0.4,0.2,vix_only,1.0,0.0,10.0,2020,0.3056241484696003,0.9784195340207364,-0.3449600008488314,1.3000000000000003,True,True,True
config/universes/sp500.yaml,sp500_dynamic,a7_2_vix_only_60_40_k_20,0.6,0.4,0.2,vix_only,1.0,0.0,10.0,2022,-0.13128154314284546,-0.5125806940025303,-0.2114399050237199,1.3000000000000003,True,True,False
config/universes/sp500.yaml,sp500_dynamic,a7_2_vix_only_60_40_k_20,0.6,0.4,0.2,vix_only,1.0,0.0,10.0,2023_2026,0.4769853432276441,2.426604408949681,-0.178806924686149,1.3000000000000003,True,True,True
config/universes/sp500.yaml,sp500_dynamic,a7_2_vix_only_60_40_k_30,0.6,0.4,0.3,vix_only,1.0,0.0,10.0,2008_crisis,0.058575230636690456,0.2339934967985652,-0.1752953609622696,1.35,True,True,False
config/universes/sp500.yaml,sp500_dynamic,a7_2_vix_only_60_40_k_30,0.6,0.4,0.3,vix_only,1.0,0.0,10.0,2010_2019,0.22007135581525272,1.638454315111767,-0.19605924040028555,1.35,True,True,True
config/universes/sp500.yaml,sp500_dynamic,a7_2_vix_only_60_40_k_30,0.6,0.4,0.3,vix_only,1.0,0.0,10.0,2020,0.3055185643705176,1.193578002250423,-0.2855691650590485,1.35,True,True,True
config/universes/sp500.yaml,sp500_dynamic,a7_2_vix_only_60_40_k_30,0.6,0.4,0.3,vix_only,1.0,0.0,10.0,2022,-0.06801272931070623,-0.3151541710328071,-0.16955563459175094,1.35,True,True,False
config/universes/sp500.yaml,sp500_dynamic,a7_2_vix_only_60_40_k_30,0.6,0.4,0.3,vix_only,1.0,0.0,10.0,2023_2026,0.4697168941211167,2.6059419514060744,-0.14691189893022216,1.35,True,True,True
config/universes/sp500.yaml,sp500_dynamic,a7_2_vix_only_60_40_k_40,0.6,0.4,0.4,vix_only,1.0,0.0,10.0,2008_crisis,0.06897338133494268,0.3493296670929814,-0.13284064632980908,1.3750000000000002,True,True,False
config/universes/sp500.yaml,sp500_dynamic,a7_2_vix_only_60_40_k_40,0.6,0.4,0.4,vix_only,1.0,0.0,10.0,2010_2019,0.2237166821968859,1.7739475676242609,-0.182416779484044,1.3750000000000002,True,True,True
config/universes/sp500.yaml,sp500_dynamic,a7_2_vix_only_60_40_k_40,0.6,0.4,0.4,vix_only,1.0,0.0,10.0,2020,0.2659984764226353,1.2142335787389271,-0.2526866736117511,1.3750000000000002,True,True,True
config/universes/sp500.yaml,sp500_dynamic,a7_2_vix_only_60_40_k_40,0.6,0.4,0.4,vix_only,1.0,0.0,10.0,2022,-0.02279152783210947,-0.125679695520717,-0.14025576528612294,1.3750000000000002,True,True,False
config/universes/sp500.yaml,sp500_dynamic,a7_2_vix_only_60_40_k_40,0.6,0.4,0.4,vix_only,1.0,0.0,10.0,2023_2026,0.4566868370131274,2.7188845217979076,-0.13811683302935784,1.3750000000000002,True,True,True
config/universes/sp500.yaml,sp500_dynamic,a7_2_vix_only_50_50_k_20,0.5,0.5,0.2,vix_only,1.0,0.0,10.0,2008_crisis,0.041799214182263844,0.172653682942093,-0.17072021776553714,1.35,True,True,False
config/universes/sp500.yaml,sp500_dynamic,a7_2_vix_only_50_50_k_20,0.5,0.5,0.2,vix_only,1.0,0.0,10.0,2010_2019,0.19824775538033745,1.5676622334039518,-0.19570790832544693,1.35,True,True,True
config/universes/sp500.yaml,sp500_dynamic,a7_2_vix_only_50_50_k_20,0.5,0.5,0.2,vix_only,1.0,0.0,10.0,2020,0.2835916973415884,1.1292934384033926,-0.284414748524093,1.35,True,True,True
config/universes/sp500.yaml,sp500_dynamic,a7_2_vix_only_50_50_k_20,0.5,0.5,0.2,vix_only,1.0,0.0,10.0,2022,-0.06814076486112253,-0.34472578693615125,-0.15835607282878572,1.35,True,True,False
config/universes/sp500.yaml,sp500_dynamic,a7_2_vix_only_50_50_k_20,0.5,0.5,0.2,vix_only,1.0,0.0,10.0,2023_2026,0.4160678244598355,2.512237341808187,-0.14450396711520908,1.35,True,True,True
config/universes/sp500.yaml,sp500_dynamic,a7_2_vix_only_50_50_k_30,0.5,0.5,0.3,vix_only,1.0,0.0,10.0,2008_crisis,0.04788171750152004,0.24935413586524013,-0.1347152165920512,1.3750000000000002,True,True,False
config/universes/sp500.yaml,sp500_dynamic,a7_2_vix_only_50_50_k_30,0.5,0.5,0.3,vix_only,1.0,0.0,10.0,2010_2019,0.20149922426868483,1.6978865198325905,-0.18218718190392735,1.3750000000000002,True,True,True
config/universes/sp500.yaml,sp500_dynamic,a7_2_vix_only_50_50_k_30,0.5,0.5,0.3,vix_only,1.0,0.0,10.0,2020,0.248220073737337,1.14760130973772,-0.2516594998110373,1.3750000000000002,True,True,True
config/universes/sp500.yaml,sp500_dynamic,a7_2_vix_only_50_50_k_30,0.5,0.5,0.3,vix_only,1.0,0.0,10.0,2022,-0.02485601006477245,-0.1512104407169244,-0.1304038095768233,1.3750000000000002,True,True,False
config/universes/sp500.yaml,sp500_dynamic,a7_2_vix_only_50_50_k_30,0.5,0.5,0.3,vix_only,1.0,0.0,10.0,2023_2026,0.4033172968488732,2.62887361006302,-0.12594502301204413,1.3750000000000002,True,True,True
config/universes/sp500.yaml,sp500_dynamic,a7_2_vix_only_50_50_k_40,0.5,0.5,0.4,vix_only,1.0,0.0,10.0,2008_crisis,0.025848077827605564,0.13716948508658866,-0.1346926338097848,1.3750000000000002,True,True,False
config/universes/sp500.yaml,sp500_dynamic,a7_2_vix_only_50_50_k_40,0.5,0.5,0.4,vix_only,1.0,0.0,10.0,2010_2019,0.19744259699373168,1.708173089805692,-0.18225198531684839,1.3750000000000002,True,True,True
config/universes/sp500.yaml,sp500_dynamic,a7_2_vix_only_50_50_k_40,0.5,0.5,0.4,vix_only,1.0,0.0,10.0,2020,0.22441515893837516,1.0477391773778315,-0.2507564368332661,1.3750000000000002,True,True,True
config/universes/sp500.yaml,sp500_dynamic,a7_2_vix_only_50_50_k_40,0.5,0.5,0.4,vix_only,1.0,0.0,10.0,2022,-0.03868547642659659,-0.2583099642983387,-0.12306067052397374,1.3750000000000002,True,True,False
config/universes/sp500.yaml,sp500_dynamic,a7_2_vix_only_50_50_k_40,0.5,0.5,0.4,vix_only,1.0,0.0,10.0,2023_2026,0.3853793932137166,2.6042714439958314,-0.12484338260213257,1.3750000000000002,True,True,True
config/universes/sp500.yaml,sp500_dynamic,a7_2_vix_only_40_60_k_20,0.4,0.6,0.2,vix_only,1.0,0.0,10.0,2008_crisis,0.030969460290291906,0.16380033762231444,-0.13469263380978458,1.3750000000000002,True,True,False
config/universes/sp500.yaml,sp500_dynamic,a7_2_vix_only_40_60_k_20,0.4,0.6,0.2,vix_only,1.0,0.0,10.0,2010_2019,0.17951211238275033,1.5989564221514554,-0.1820569574969022,1.3750000000000002,True,True,True
config/universes/sp500.yaml,sp500_dynamic,a7_2_vix_only_40_60_k_20,0.4,0.6,0.2,vix_only,1.0,0.0,10.0,2020,0.23372749714024255,1.0892579040714157,-0.25092650837834907,1.3750000000000002,True,True,True
config/universes/sp500.yaml,sp500_dynamic,a7_2_vix_only_40_60_k_20,0.4,0.6,0.2,vix_only,1.0,0.0,10.0,2022,-0.03147453440599335,-0.2105245950392637,-0.12093686867800046,1.3750000000000002,True,True,False
config/universes/sp500.yaml,sp500_dynamic,a7_2_vix_only_40_60_k_20,0.4,0.6,0.2,vix_only,1.0,0.0,10.0,2023_2026,0.3513812178153164,2.5065934409498785,-0.124838388614252,1.3750000000000002,True,True,True
config/universes/sp500.yaml,sp500_dynamic,a7_2_vix_only_40_60_k_30,0.4,0.6,0.3,vix_only,1.0,0.0,10.0,2008_crisis,0.021909414955559647,0.11643071721322908,-0.1346926338097847,1.3750000000000002,True,True,False
config/universes/sp500.yaml,sp500_dynamic,a7_2_vix_only_40_60_k_30,0.4,0.6,0.3,vix_only,1.0,0.0,10.0,2010_2019,0.17547787643313417,1.5911213354413856,-0.1830650319581636,1.3750000000000002,True,True,True
config/universes/sp500.yaml,sp500_dynamic,a7_2_vix_only_40_60_k_30,0.4,0.6,0.3,vix_only,1.0,0.0,10.0,2020,0.22417557197130256,1.048484092662278,-0.2507044024167673,1.3750000000000002,True,True,True
config/universes/sp500.yaml,sp500_dynamic,a7_2_vix_only_40_60_k_30,0.4,0.6,0.3,vix_only,1.0,0.0,10.0,2022,-0.03667146052781778,-0.2591670621032418,-0.11365806591538286,1.3750000000000002,True,True,False
config/universes/sp500.yaml,sp500_dynamic,a7_2_vix_only_40_60_k_30,0.4,0.6,0.3,vix_only,1.0,0.0,10.0,2023_2026,0.33659710550165345,2.4702707702144995,-0.12421099711591455,1.3750000000000002,True,True,True
config/universes/sp500.yaml,sp500_dynamic,a7_2_vix_only_40_60_k_40,0.4,0.6,0.4,vix_only,1.0,0.0,10.0,2008_crisis,0.021909414955559647,0.11643071721322908,-0.1346926338097847,1.3750000000000002,True,True,False
config/universes/sp500.yaml,sp500_dynamic,a7_2_vix_only_40_60_k_40,0.4,0.6,0.4,vix_only,1.0,0.0,10.0,2010_2019,0.17235333630991945,1.576251796218082,-0.1838900981085485,1.3750000000000002,True,True,True
config/universes/sp500.yaml,sp500_dynamic,a7_2_vix_only_40_60_k_40,0.4,0.6,0.4,vix_only,1.0,0.0,10.0,2020,0.22406819801501987,1.0482903297392194,-0.2507044024167673,1.3750000000000002,True,True,True
config/universes/sp500.yaml,sp500_dynamic,a7_2_vix_only_40_60_k_40,0.4,0.6,0.4,vix_only,1.0,0.0,10.0,2022,-0.036590093517816724,-0.2631960057491329,-0.11067489845732215,1.3750000000000002,True,True,False
config/universes/sp500.yaml,sp500_dynamic,a7_2_vix_only_40_60_k_40,0.4,0.6,0.4,vix_only,1.0,0.0,10.0,2023_2026,0.330120778955044,2.461561567254353,-0.12421099711591455,1.3750000000000002,True,True,True
config/universes/sp500.yaml,sp500_dynamic,a7_2_drawdown_only_60_40_k_20,0.6,0.4,0.2,drawdown_only,0.0,1.0,10.0,2008_crisis,-0.018653744492765134,-0.05680255053492504,-0.21573693501382218,1.2910396263369248,True,True,False
config/universes/sp500.yaml,sp500_dynamic,a7_2_drawdown_only_60_40_k_20,0.6,0.4,0.2,drawdown_only,0.0,1.0,10.0,2010_2019,0.19757067101453596,1.2459305141876587,-0.25071750385159475,1.2910396263369248,True,True,True
config/universes/sp500.yaml,sp500_dynamic,a7_2_drawdown_only_60_40_k_20,0.6,0.4,0.2,drawdown_only,0.0,1.0,10.0,2020,0.3614316999979206,1.0008042493925666,-0.3770979067366397,1.2910396263369248,True,True,True
config/universes/sp500.yaml,sp500_dynamic,a7_2_drawdown_only_60_40_k_20,0.6,0.4,0.2,drawdown_only,0.0,1.0,10.0,2022,-0.1817536984045861,-0.6389932944720125,-0.24893522066366014,1.2910396263369248,True,True,False
config/universes/sp500.yaml,sp500_dynamic,a7_2_drawdown_only_60_40_k_20,0.6,0.4,0.2,drawdown_only,0.0,1.0,10.0,2023_2026,0.4796078470692484,2.1846392730269817,-0.22323807776564086,1.2910396263369248,True,True,True
config/universes/sp500.yaml,sp500_dynamic,a7_2_drawdown_only_60_40_k_30,0.6,0.4,0.3,drawdown_only,0.0,1.0,10.0,2008_crisis,0.01793084466151429,0.0697606462249296,-0.16155467372278343,1.336559439505387,True,True,False
config/universes/sp500.yaml,sp500_dynamic,a7_2_drawdown_only_60_40_k_30,0.6,0.4,0.3,drawdown_only,0.0,1.0,10.0,2010_2019,0.20090609623045008,1.3157786937908664,-0.2428528749940384,1.336559439505387,True,True,True
config/universes/sp500.yaml,sp500_dynamic,a7_2_drawdown_only_60_40_k_30,0.6,0.4,0.3,drawdown_only,0.0,1.0,10.0,2020,0.39454276478398564,1.1983759046703246,-0.3370793950521277,1.336559439505387,True,True,True
config/universes/sp500.yaml,sp500_dynamic,a7_2_drawdown_only_60_40_k_30,0.6,0.4,0.3,drawdown_only,0.0,1.0,10.0,2022,-0.14648496133811795,-0.5702818360650984,-0.22121141071268402,1.336559439505387,True,True,False
config/universes/sp500.yaml,sp500_dynamic,a7_2_drawdown_only_60_40_k_30,0.6,0.4,0.3,drawdown_only,0.0,1.0,10.0,2023_2026,0.47470466547096835,2.2281067843249573,-0.21300782107120209,1.336559439505387,True,True,True
config/universes/sp500.yaml,sp500_dynamic,a7_2_drawdown_only_60_40_k_40,0.6,0.4,0.4,drawdown_only,0.0,1.0,10.0,2008_crisis,0.04039409424096463,0.18852228622813866,-0.13469263380978458,1.375,True,True,False
config/universes/sp500.yaml,sp500_dynamic,a7_2_drawdown_only_60_40_k_40,0.6,0.4,0.4,drawdown_only,0.0,1.0,10.0,2010_2019,0.20318081893720352,1.3765080075579381,-0.23494360420265048,1.375,True,True,True
config/universes/sp500.yaml,sp500_dynamic,a7_2_drawdown_only_60_40_k_40,0.6,0.4,0.4,drawdown_only,0.0,1.0,10.0,2020,0.41551168486026113,1.3727713798601746,-0.3038858803858906,1.375,True,True,True
config/universes/sp500.yaml,sp500_dynamic,a7_2_drawdown_only_60_40_k_40,0.6,0.4,0.4,drawdown_only,0.0,1.0,10.0,2022,-0.11067065210986837,-0.47962686634948315,-0.1954534706174086,1.375,True,True,False
config/universes/sp500.yaml,sp500_dynamic,a7_2_drawdown_only_60_40_k_40,0.6,0.4,0.4,drawdown_only,0.0,1.0,10.0,2023_2026,0.46966481705540053,2.2702836240104505,-0.2026947100172486,1.375,True,True,True
config/universes/sp500.yaml,sp500_dynamic,a7_2_drawdown_only_50_50_k_20,0.5,0.5,0.2,drawdown_only,0.0,1.0,10.0,2008_crisis,0.015235800045258374,0.06202341304512272,-0.16155467372278343,1.3410396263369246,True,True,False
config/universes/sp500.yaml,sp500_dynamic,a7_2_drawdown_only_50_50_k_20,0.5,0.5,0.2,drawdown_only,0.0,1.0,10.0,2010_2019,0.185886265603326,1.345151192677158,-0.22698056228813934,1.3410396263369246,True,True,True
config/universes/sp500.yaml,sp500_dynamic,a7_2_drawdown_only_50_50_k_20,0.5,0.5,0.2,drawdown_only,0.0,1.0,10.0,2020,0.3431810801754782,1.1514681931534172,-0.31914562351648323,1.3410396263369246,True,True,True
config/universes/sp500.yaml,sp500_dynamic,a7_2_drawdown_only_50_50_k_20,0.5,0.5,0.2,drawdown_only,0.0,1.0,10.0,2022,-0.12057837564776241,-0.5364671957505861,-0.1926098837939788,1.3410396263369246,True,True,False
config/universes/sp500.yaml,sp500_dynamic,a7_2_drawdown_only_50_50_k_20,0.5,0.5,0.2,drawdown_only,0.0,1.0,10.0,2023_2026,0.4198720197118786,2.2392806180190803,-0.1873968928822265,1.3410396263369246,True,True,True
config/universes/sp500.yaml,sp500_dynamic,a7_2_drawdown_only_50_50_k_30,0.5,0.5,0.3,drawdown_only,0.0,1.0,10.0,2008_crisis,0.03484092304392816,0.171478146810403,-0.13469263380978458,1.375,True,True,False
config/universes/sp500.yaml,sp500_dynamic,a7_2_drawdown_only_50_50_k_30,0.5,0.5,0.3,drawdown_only,0.0,1.0,10.0,2010_2019,0.1879814735657248,1.40958051013659,-0.21898681734209557,1.375,True,True,True
config/universes/sp500.yaml,sp500_dynamic,a7_2_drawdown_only_50_50_k_30,0.5,0.5,0.3,drawdown_only,0.0,1.0,10.0,2020,0.36134041595457655,1.3292831641879932,-0.28697919343046774,1.375,True,True,True
config/universes/sp500.yaml,sp500_dynamic,a7_2_drawdown_only_50_50_k_30,0.5,0.5,0.3,drawdown_only,0.0,1.0,10.0,2022,-0.08451405698613756,-0.42457904675685326,-0.16739293138360145,1.375,True,True,False
config/universes/sp500.yaml,sp500_dynamic,a7_2_drawdown_only_50_50_k_30,0.5,0.5,0.3,drawdown_only,0.0,1.0,10.0,2023_2026,0.4147660194674916,2.285802010014197,-0.1771936393746224,1.375,True,True,True
config/universes/sp500.yaml,sp500_dynamic,a7_2_drawdown_only_50_50_k_40,0.5,0.5,0.4,drawdown_only,0.0,1.0,10.0,2008_crisis,0.03240859136753649,0.1675338935469618,-0.13469263380978436,1.3750000000000002,True,True,False
config/universes/sp500.yaml,sp500_dynamic,a7_2_drawdown_only_50_50_k_40,0.5,0.5,0.4,drawdown_only,0.0,1.0,10.0,2010_2019,0.1891572216645241,1.4554245932130843,-0.21094795574885827,1.3750000000000002,True,True,True
config/universes/sp500.yaml,sp500_dynamic,a7_2_drawdown_only_50_50_k_40,0.5,0.5,0.4,drawdown_only,0.0,1.0,10.0,2020,0.35858140188003995,1.3905480452764225,-0.27646996133406565,1.3750000000000002,True,True,True
config/universes/sp500.yaml,sp500_dynamic,a7_2_drawdown_only_50_50_k_40,0.5,0.5,0.4,drawdown_only,0.0,1.0,10.0,2022,-0.06209048859274757,-0.3492243909613702,-0.14639054491806236,1.3750000000000002,True,True,False
config/universes/sp500.yaml,sp500_dynamic,a7_2_drawdown_only_50_50_k_40,0.5,0.5,0.4,drawdown_only,0.0,1.0,10.0,2023_2026,0.40948057131958127,2.3292796007817356,-0.1678206926185879,1.3750000000000002,True,True,True
config/universes/sp500.yaml,sp500_dynamic,a7_2_drawdown_only_40_60_k_20,0.4,0.6,0.2,drawdown_only,0.0,1.0,10.0,2008_crisis,0.029726298184799216,0.15319536576857956,-0.13469263380978458,1.375,True,True,False
config/universes/sp500.yaml,sp500_dynamic,a7_2_drawdown_only_40_60_k_20,0.4,0.6,0.2,drawdown_only,0.0,1.0,10.0,2010_2019,0.17281669863241378,1.4343958552446827,-0.20302925717815545,1.375,True,True,True
config/universes/sp500.yaml,sp500_dynamic,a7_2_drawdown_only_40_60_k_20,0.4,0.6,0.2,drawdown_only,0.0,1.0,10.0,2020,0.3054137255994185,1.2548427959801716,-0.2703291137484304,1.375,True,True,True
config/universes/sp500.yaml,sp500_dynamic,a7_2_drawdown_only_40_60_k_20,0.4,0.6,0.2,drawdown_only,0.0,1.0,10.0,2022,-0.06006007851143058,-0.3558731964476429,-0.13885346415700728,1.375,True,True,False
config/universes/sp500.yaml,sp500_dynamic,a7_2_drawdown_only_40_60_k_20,0.4,0.6,0.2,drawdown_only,0.0,1.0,10.0,2023_2026,0.3608255068581445,2.297863639703851,-0.15375132886899778,1.375,True,True,True
config/universes/sp500.yaml,sp500_dynamic,a7_2_drawdown_only_40_60_k_30,0.4,0.6,0.3,drawdown_only,0.0,1.0,10.0,2008_crisis,0.02374712483739705,0.12548110284393116,-0.13469263380978413,1.3750000000000002,True,True,False
config/universes/sp500.yaml,sp500_dynamic,a7_2_drawdown_only_40_60_k_30,0.4,0.6,0.3,drawdown_only,0.0,1.0,10.0,2010_2019,0.1734863024804587,1.4718700098934974,-0.19491166719605857,1.3750000000000002,True,True,True
config/universes/sp500.yaml,sp500_dynamic,a7_2_drawdown_only_40_60_k_30,0.4,0.6,0.3,drawdown_only,0.0,1.0,10.0,2020,0.2980817954752051,1.2779008050486027,-0.26428665153115205,1.3750000000000002,True,True,True
config/universes/sp500.yaml,sp500_dynamic,a7_2_drawdown_only_40_60_k_30,0.4,0.6,0.3,drawdown_only,0.0,1.0,10.0,2022,-0.05311235391303826,-0.34638913346667427,-0.12540157395108398,1.3750000000000002,True,True,False
config/universes/sp500.yaml,sp500_dynamic,a7_2_drawdown_only_40_60_k_30,0.4,0.6,0.3,drawdown_only,0.0,1.0,10.0,2023_2026,0.35460576501580565,2.3349335637023394,-0.1461400849738802,1.3750000000000002,True,True,True
config/universes/sp500.yaml,sp500_dynamic,a7_2_drawdown_only_40_60_k_40,0.4,0.6,0.4,drawdown_only,0.0,1.0,10.0,2008_crisis,0.022218931849754764,0.11794579064611252,-0.13469263380978447,1.3750000000000002,True,True,False
config/universes/sp500.yaml,sp500_dynamic,a7_2_drawdown_only_40_60_k_40,0.4,0.6,0.4,drawdown_only,0.0,1.0,10.0,2010_2019,0.17394817547574548,1.498596072991487,-0.1876922457182404,1.3750000000000002,True,True,True
config/universes/sp500.yaml,sp500_dynamic,a7_2_drawdown_only_40_60_k_40,0.4,0.6,0.4,drawdown_only,0.0,1.0,10.0,2020,0.2963115564160905,1.2985981680047836,-0.2594066958761011,1.3750000000000002,True,True,True
config/universes/sp500.yaml,sp500_dynamic,a7_2_drawdown_only_40_60_k_40,0.4,0.6,0.4,drawdown_only,0.0,1.0,10.0,2022,-0.049156712581910234,-0.333542240229358,-0.12147653952022341,1.3750000000000002,True,True,False
config/universes/sp500.yaml,sp500_dynamic,a7_2_drawdown_only_40_60_k_40,0.4,0.6,0.4,drawdown_only,0.0,1.0,10.0,2023_2026,0.3485318251324798,2.354008193589357,-0.1405832786354989,1.3750000000000002,True,True,True
config/universes/sp500.yaml,sp500_dynamic,a7_2_weighted_50_50_60_40_k_20,0.6,0.4,0.2,weighted_50_50,0.5,0.5,10.0,2008_crisis,-0.005520352125813144,-0.01692968825800747,-0.21827398615653193,1.2944474119984524,True,True,False
config/universes/sp500.yaml,sp500_dynamic,a7_2_weighted_50_50_60_40_k_20,0.6,0.4,0.2,weighted_50_50,0.5,0.5,10.0,2010_2019,0.20427295284644154,1.346813075871897,-0.2352409883430202,1.2944474119984524,True,True,True
config/universes/sp500.yaml,sp500_dynamic,a7_2_weighted_50_50_60_40_k_20,0.6,0.4,0.2,weighted_50_50,0.5,0.5,10.0,2020,0.33399651364075633,0.9933722633248899,-0.36118384766775646,1.2944474119984524,True,True,True
config/universes/sp500.yaml,sp500_dynamic,a7_2_weighted_50_50_60_40_k_20,0.6,0.4,0.2,weighted_50_50,0.5,0.5,10.0,2022,-0.15651236234449528,-0.5796658844198674,-0.2278670153711987,1.2944474119984524,True,True,False
config/universes/sp500.yaml,sp500_dynamic,a7_2_weighted_50_50_60_40_k_20,0.6,0.4,0.2,weighted_50_50,0.5,0.5,10.0,2023_2026,0.47870162585834275,2.305875615432761,-0.1999328544283938,1.2944474119984524,True,True,True
config/universes/sp500.yaml,sp500_dynamic,a7_2_weighted_50_50_60_40_k_30,0.6,0.4,0.3,weighted_50_50,0.5,0.5,10.0,2008_crisis,0.03843412346816533,0.1522060427385777,-0.16843070245971925,1.3416711179976786,True,True,False
config/universes/sp500.yaml,sp500_dynamic,a7_2_weighted_50_50_60_40_k_30,0.6,0.4,0.3,weighted_50_50,0.5,0.5,10.0,2010_2019,0.2108580327148808,1.4793049293571088,-0.21948809689148452,1.3416711179976786,True,True,True
config/universes/sp500.yaml,sp500_dynamic,a7_2_weighted_50_50_60_40_k_30,0.6,0.4,0.3,weighted_50_50,0.5,0.5,10.0,2020,0.35092014419564777,1.2049253730899059,-0.3117019689139786,1.3416711179976786,True,True,True
config/universes/sp500.yaml,sp500_dynamic,a7_2_weighted_50_50_60_40_k_30,0.6,0.4,0.3,weighted_50_50,0.5,0.5,10.0,2022,-0.10738075402334024,-0.4558316395941562,-0.19500263885067703,1.3416711179976786,True,True,False
config/universes/sp500.yaml,sp500_dynamic,a7_2_weighted_50_50_60_40_k_30,0.6,0.4,0.3,weighted_50_50,0.5,0.5,10.0,2023_2026,0.4729940843803413,2.419333971313844,-0.17921071885611828,1.3416711179976786,True,True,True
config/universes/sp500.yaml,sp500_dynamic,a7_2_weighted_50_50_60_40_k_40,0.6,0.4,0.4,weighted_50_50,0.5,0.5,10.0,2008_crisis,0.048568656728576576,0.24214549125155077,-0.13469263380978436,1.375,True,True,False
config/universes/sp500.yaml,sp500_dynamic,a7_2_weighted_50_50_60_40_k_40,0.6,0.4,0.4,weighted_50_50,0.5,0.5,10.0,2010_2019,0.2171545240654571,1.6158161513058418,-0.2035889863807444,1.375,True,True,True
config/universes/sp500.yaml,sp500_dynamic,a7_2_weighted_50_50_60_40_k_40,0.6,0.4,0.4,weighted_50_50,0.5,0.5,10.0,2020,0.34985758565889746,1.3780333221982757,-0.2726176221963874,1.375,True,True,True
config/universes/sp500.yaml,sp500_dynamic,a7_2_weighted_50_50_60_40_k_40,0.6,0.4,0.4,weighted_50_50,0.5,0.5,10.0,2022,-0.056785272664274467,-0.27945033443800205,-0.16121791563275656,1.375,True,True,False
config/universes/sp500.yaml,sp500_dynamic,a7_2_weighted_50_50_60_40_k_40,0.6,0.4,0.4,weighted_50_50,0.5,0.5,10.0,2023_2026,0.46691902831358445,2.5368475541046958,-0.15862646292755245,1.375,True,True,True
config/universes/sp500.yaml,sp500_dynamic,a7_2_weighted_50_50_50_50_k_20,0.5,0.5,0.2,weighted_50_50,0.5,0.5,10.0,2008_crisis,0.02861519261453105,0.11759868208619172,-0.16613992372503583,1.3444474119984526,True,True,False
config/universes/sp500.yaml,sp500_dynamic,a7_2_weighted_50_50_50_50_k_20,0.5,0.5,0.2,weighted_50_50,0.5,0.5,10.0,2010_2019,0.19227073746615475,1.458259227348715,-0.21133807688594264,1.3444474119984526,True,True,True
config/universes/sp500.yaml,sp500_dynamic,a7_2_weighted_50_50_50_50_k_20,0.5,0.5,0.2,weighted_50_50,0.5,0.5,10.0,2020,0.3138013546076124,1.145884836877412,-0.301943708800408,1.3444474119984526,True,True,True
config/universes/sp500.yaml,sp500_dynamic,a7_2_weighted_50_50_50_50_k_20,0.5,0.5,0.2,weighted_50_50,0.5,0.5,10.0,2022,-0.09432710248325282,-0.44741762994315715,-0.17555264859684827,1.3444474119984526,True,True,False
config/universes/sp500.yaml,sp500_dynamic,a7_2_weighted_50_50_50_50_k_20,0.5,0.5,0.2,weighted_50_50,0.5,0.5,10.0,2023_2026,0.41835557323399053,2.3770942787426157,-0.1660353729094377,1.3444474119984526,True,True,True
config/universes/sp500.yaml,sp500_dynamic,a7_2_weighted_50_50_50_50_k_30,0.5,0.5,0.3,weighted_50_50,0.5,0.5,10.0,2008_crisis,0.04116283735138748,0.21130303673276032,-0.13469263380978447,1.375,True,True,False
config/universes/sp500.yaml,sp500_dynamic,a7_2_weighted_50_50_50_50_k_30,0.5,0.5,0.3,weighted_50_50,0.5,0.5,10.0,2010_2019,0.19791205002805845,1.59417521062694,-0.19538029232997312,1.375,True,True,True
config/universes/sp500.yaml,sp500_dynamic,a7_2_weighted_50_50_50_50_k_30,0.5,0.5,0.3,weighted_50_50,0.5,0.5,10.0,2020,0.31070976710445075,1.3080502251153516,-0.26357163804361494,1.375,True,True,True
config/universes/sp500.yaml,sp500_dynamic,a7_2_weighted_50_50_50_50_k_30,0.5,0.5,0.3,weighted_50_50,0.5,0.5,10.0,2022,-0.04615404287756342,-0.2575452386638751,-0.14185894304285218,1.375,True,True,False
config/universes/sp500.yaml,sp500_dynamic,a7_2_weighted_50_50_50_50_k_30,0.5,0.5,0.3,weighted_50_50,0.5,0.5,10.0,2023_2026,0.4121623958424756,2.5023939414444647,-0.14601838092436148,1.375,True,True,True
config/universes/sp500.yaml,sp500_dynamic,a7_2_weighted_50_50_50_50_k_40,0.5,0.5,0.4,weighted_50_50,0.5,0.5,10.0,2008_crisis,0.03134393693807391,0.16573527028308366,-0.13469263380978413,1.3750000000000002,True,True,False
config/universes/sp500.yaml,sp500_dynamic,a7_2_weighted_50_50_50_50_k_40,0.5,0.5,0.4,weighted_50_50,0.5,0.5,10.0,2010_2019,0.19696774801680705,1.6603163056339019,-0.18352515122316881,1.3750000000000002,True,True,True
config/universes/sp500.yaml,sp500_dynamic,a7_2_weighted_50_50_50_50_k_40,0.5,0.5,0.4,weighted_50_50,0.5,0.5,10.0,2020,0.28533464320744684,1.280105760788219,-0.2542108323234845,1.3750000000000002,True,True,True
config/universes/sp500.yaml,sp500_dynamic,a7_2_weighted_50_50_50_50_k_40,0.5,0.5,0.4,weighted_50_50,0.5,0.5,10.0,2022,-0.03298960473732471,-0.20866268599627485,-0.12949438160679716,1.3750000000000002,True,True,False
config/universes/sp500.yaml,sp500_dynamic,a7_2_weighted_50_50_50_50_k_40,0.5,0.5,0.4,weighted_50_50,0.5,0.5,10.0,2023_2026,0.4021806774888761,2.593776644278891,-0.13271455835152246,1.3750000000000002,True,True,True
config/universes/sp500.yaml,sp500_dynamic,a7_2_weighted_50_50_40_60_k_20,0.4,0.6,0.2,weighted_50_50,0.5,0.5,10.0,2008_crisis,0.033348448306459444,0.17527841126978222,-0.13469263380978413,1.3750000000000002,True,True,False
config/universes/sp500.yaml,sp500_dynamic,a7_2_weighted_50_50_40_60_k_20,0.4,0.6,0.2,weighted_50_50,0.5,0.5,10.0,2010_2019,0.17823193384666158,1.5501802050050861,-0.1872384329645651,1.3750000000000002,True,True,True
config/universes/sp500.yaml,sp500_dynamic,a7_2_weighted_50_50_40_60_k_20,0.4,0.6,0.2,weighted_50_50,0.5,0.5,10.0,2020,0.2724494868993752,1.2185813712830642,-0.2559595455448861,1.3750000000000002,True,True,True
config/universes/sp500.yaml,sp500_dynamic,a7_2_weighted_50_50_40_60_k_20,0.4,0.6,0.2,weighted_50_50,0.5,0.5,10.0,2022,-0.03634825362577565,-0.2319071283834179,-0.12422451155861192,1.3750000000000002,True,True,False
config/universes/sp500.yaml,sp500_dynamic,a7_2_weighted_50_50_40_60_k_20,0.4,0.6,0.2,weighted_50_50,0.5,0.5,10.0,2023_2026,0.35857279579195134,2.4513151765002377,-0.13388492018473097,1.3750000000000002,True,True,True
config/universes/sp500.yaml,sp500_dynamic,a7_2_weighted_50_50_40_60_k_30,0.4,0.6,0.3,weighted_50_50,0.5,0.5,10.0,2008_crisis,0.022028831489477207,0.11702374200954678,-0.13469263380978447,1.3750000000000002,True,True,False
config/universes/sp500.yaml,sp500_dynamic,a7_2_weighted_50_50_40_60_k_30,0.4,0.6,0.3,weighted_50_50,0.5,0.5,10.0,2010_2019,0.1755395834700053,1.5770535568859678,-0.18279249296071498,1.3750000000000002,True,True,True
config/universes/sp500.yaml,sp500_dynamic,a7_2_weighted_50_50_40_60_k_30,0.4,0.6,0.3,weighted_50_50,0.5,0.5,10.0,2020,0.24805860546866332,1.1495248761112862,-0.2514803597995795,1.3750000000000002,True,True,True
config/universes/sp500.yaml,sp500_dynamic,a7_2_weighted_50_50_40_60_k_30,0.4,0.6,0.3,weighted_50_50,0.5,0.5,10.0,2022,-0.04280347117379446,-0.29684246540132625,-0.1196802108031002,1.3750000000000002,True,True,False
config/universes/sp500.yaml,sp500_dynamic,a7_2_weighted_50_50_40_60_k_30,0.4,0.6,0.3,weighted_50_50,0.5,0.5,10.0,2023_2026,0.34728291358098073,2.500774702114559,-0.12611679971506762,1.3750000000000002,True,True,True
config/universes/sp500.yaml,sp500_dynamic,a7_2_weighted_50_50_40_60_k_40,0.4,0.6,0.4,weighted_50_50,0.5,0.5,10.0,2008_crisis,0.021909414955559647,0.11643071721322908,-0.1346926338097847,1.3750000000000002,True,True,False
config/universes/sp500.yaml,sp500_dynamic,a7_2_weighted_50_50_40_60_k_40,0.4,0.6,0.4,weighted_50_50,0.5,0.5,10.0,2010_2019,0.17223574623596982,1.5684198441068908,-0.18186015632006158,1.3750000000000002,True,True,True
config/universes/sp500.yaml,sp500_dynamic,a7_2_weighted_50_50_40_60_k_40,0.4,0.6,0.4,weighted_50_50,0.5,0.5,10.0,2020,0.23270769307106653,1.085022261542518,-0.2507721198604338,1.3750000000000002,True,True,True
config/universes/sp500.yaml,sp500_dynamic,a7_2_weighted_50_50_40_60_k_40,0.4,0.6,0.4,weighted_50_50,0.5,0.5,10.0,2022,-0.04171512448681758,-0.29637936136510806,-0.11376603976614696,1.3750000000000002,True,True,False
config/universes/sp500.yaml,sp500_dynamic,a7_2_weighted_50_50_40_60_k_40,0.4,0.6,0.4,weighted_50_50,0.5,0.5,10.0,2023_2026,0.33370734793560186,2.4717807351233696,-0.12490378229176702,1.3750000000000002,True,True,True
config/universes/sp500.yaml,sp500_dynamic,a7_2_weighted_70_30_60_40_k_20,0.6,0.4,0.2,weighted_70_30,0.7,0.3,10.0,2008_crisis,-0.0003213572975049317,-0.000987658731990704,-0.22005480954694723,1.2966684471990717,True,True,False
config/universes/sp500.yaml,sp500_dynamic,a7_2_weighted_70_30_60_40_k_20,0.6,0.4,0.2,weighted_70_30,0.7,0.3,10.0,2010_2019,0.2068255602867186,1.3869547768038575,-0.22905501239423898,1.2966684471990717,True,True,True
config/universes/sp500.yaml,sp500_dynamic,a7_2_weighted_70_30_60_40_k_20,0.6,0.4,0.2,weighted_70_30,0.7,0.3,10.0,2020,0.32278282933114677,0.9884945807040618,-0.35472702949039725,1.2966684471990717,True,True,True
config/universes/sp500.yaml,sp500_dynamic,a7_2_weighted_70_30_60_40_k_20,0.6,0.4,0.2,weighted_70_30,0.7,0.3,10.0,2022,-0.14645329029290277,-0.5539509344421364,-0.2213230613984486,1.2966684471990717,True,True,False
config/universes/sp500.yaml,sp500_dynamic,a7_2_weighted_70_30_60_40_k_20,0.6,0.4,0.2,weighted_70_30,0.7,0.3,10.0,2023_2026,0.47809702981883806,2.3543477568166318,-0.1915179064719168,1.2966684471990717,True,True,True
config/universes/sp500.yaml,sp500_dynamic,a7_2_weighted_70_30_60_40_k_30,0.6,0.4,0.3,weighted_70_30,0.7,0.3,10.0,2008_crisis,0.04652983314483983,0.18511612122859122,-0.17117796707428012,1.3450026707986071,True,True,False
config/universes/sp500.yaml,sp500_dynamic,a7_2_weighted_70_30_60_40_k_30,0.6,0.4,0.3,weighted_70_30,0.7,0.3,10.0,2010_2019,0.21461160087903264,1.5440012739010744,-0.21013624862932279,1.3450026707986071,True,True,True
config/universes/sp500.yaml,sp500_dynamic,a7_2_weighted_70_30_60_40_k_30,0.6,0.4,0.3,weighted_70_30,0.7,0.3,10.0,2020,0.33299858856842324,1.2032816194969433,-0.3013343258880552,1.3450026707986071,True,True,True
config/universes/sp500.yaml,sp500_dynamic,a7_2_weighted_70_30_60_40_k_30,0.6,0.4,0.3,weighted_70_30,0.7,0.3,10.0,2022,-0.0917106748589126,-0.4031963840850224,-0.1848855508853834,1.3450026707986071,True,True,False
config/universes/sp500.yaml,sp500_dynamic,a7_2_weighted_70_30_60_40_k_30,0.6,0.4,0.3,weighted_70_30,0.7,0.3,10.0,2023_2026,0.4718473076560974,2.4952922715407646,-0.16636045601104354,1.3450026707986071,True,True,True
config/universes/sp500.yaml,sp500_dynamic,a7_2_weighted_70_30_60_40_k_40,0.6,0.4,0.4,weighted_70_30,0.7,0.3,10.0,2008_crisis,0.05507616027972895,0.27891202695579603,-0.13469263380978447,1.375,True,True,False
config/universes/sp500.yaml,sp500_dynamic,a7_2_weighted_70_30_60_40_k_40,0.6,0.4,0.4,weighted_70_30,0.7,0.3,10.0,2010_2019,0.22129328245315993,1.699671870817769,-0.1910096392696773,1.375,True,True,True
config/universes/sp500.yaml,sp500_dynamic,a7_2_weighted_70_30_60_40_k_40,0.6,0.4,0.4,weighted_70_30,0.7,0.3,10.0,2020,0.322247218879963,1.3621398264395863,-0.2605174398471477,1.375,True,True,True
config/universes/sp500.yaml,sp500_dynamic,a7_2_weighted_70_30_60_40_k_40,0.6,0.4,0.4,weighted_70_30,0.7,0.3,10.0,2022,-0.038028518835405256,-0.19670753544636066,-0.14854914599739666,1.375,True,True,False
config/universes/sp500.yaml,sp500_dynamic,a7_2_weighted_70_30_60_40_k_40,0.6,0.4,0.4,weighted_70_30,0.7,0.3,10.0,2023_2026,0.46504125224962345,2.6402727310729346,-0.14249055110636788,1.375,True,True,True
config/universes/sp500.yaml,sp500_dynamic,a7_2_weighted_70_30_50_50_k_20,0.5,0.5,0.2,weighted_70_30,0.7,0.3,10.0,2008_crisis,0.03390876541541843,0.13971156221561526,-0.16797264700739523,1.3466684471990713,True,True,False
config/universes/sp500.yaml,sp500_dynamic,a7_2_weighted_70_30_50_50_k_20,0.5,0.5,0.2,weighted_70_30,0.7,0.3,10.0,2010_2019,0.19469584481123814,1.5026009631116788,-0.20509238255954665,1.3466684471990713,True,True,True
config/universes/sp500.yaml,sp500_dynamic,a7_2_weighted_70_30_50_50_k_20,0.5,0.5,0.2,weighted_70_30,0.7,0.3,10.0,2020,0.3018375682737966,1.1408956455910733,-0.2949675851912661,1.3466684471990713,True,True,True
config/universes/sp500.yaml,sp500_dynamic,a7_2_weighted_70_30_50_50_k_20,0.5,0.5,0.2,weighted_70_30,0.7,0.3,10.0,2022,-0.08388212269908679,-0.4082651587537019,-0.16870111435628865,1.3466684471990713,True,True,False
config/universes/sp500.yaml,sp500_dynamic,a7_2_weighted_70_30_50_50_k_20,0.5,0.5,0.2,weighted_70_30,0.7,0.3,10.0,2023_2026,0.4175205227005523,2.4317484942843857,-0.15739774545642693,1.3466684471990713,True,True,True
config/universes/sp500.yaml,sp500_dynamic,a7_2_weighted_70_30_50_50_k_30,0.5,0.5,0.3,weighted_70_30,0.7,0.3,10.0,2008_crisis,0.043176973413193265,0.2240205441368676,-0.13469263380978413,1.375,True,True,False
config/universes/sp500.yaml,sp500_dynamic,a7_2_weighted_70_30_50_50_k_30,0.5,0.5,0.3,weighted_70_30,0.7,0.3,10.0,2010_2019,0.20087847129495362,1.6570917495370026,-0.1859396783993008,1.375,True,True,True
config/universes/sp500.yaml,sp500_dynamic,a7_2_weighted_70_30_50_50_k_30,0.5,0.5,0.3,weighted_70_30,0.7,0.3,10.0,2020,0.29014893727256186,1.2819614370736752,-0.2558112012379301,1.375,True,True,True
config/universes/sp500.yaml,sp500_dynamic,a7_2_weighted_70_30_50_50_k_30,0.5,0.5,0.3,weighted_70_30,0.7,0.3,10.0,2022,-0.03348013285234952,-0.19439216083850822,-0.13366626269325188,1.375,True,True,False
config/universes/sp500.yaml,sp500_dynamic,a7_2_weighted_70_30_50_50_k_30,0.5,0.5,0.3,weighted_70_30,0.7,0.3,10.0,2023_2026,0.4102987631067647,2.5833879035540352,-0.13433166443673927,1.375,True,True,True
config/universes/sp500.yaml,sp500_dynamic,a7_2_weighted_70_30_50_50_k_40,0.5,0.5,0.4,weighted_70_30,0.7,0.3,10.0,2008_crisis,0.028242261273413227,0.1496636937827788,-0.13469263380978458,1.3750000000000002,True,True,False
config/universes/sp500.yaml,sp500_dynamic,a7_2_weighted_70_30_50_50_k_40,0.5,0.5,0.4,weighted_70_30,0.7,0.3,10.0,2010_2019,0.19799866328438864,1.699659645389425,-0.18227912537986435,1.3750000000000002,True,True,True
config/universes/sp500.yaml,sp500_dynamic,a7_2_weighted_70_30_50_50_k_40,0.5,0.5,0.4,weighted_70_30,0.7,0.3,10.0,2020,0.2529576581139612,1.167833733044547,-0.2519104060648222,1.3750000000000002,True,True,True
config/universes/sp500.yaml,sp500_dynamic,a7_2_weighted_70_30_50_50_k_40,0.5,0.5,0.4,weighted_70_30,0.7,0.3,10.0,2022,-0.03473306981818691,-0.22616838713257795,-0.12793331131586594,1.3750000000000002,True,True,False
config/universes/sp500.yaml,sp500_dynamic,a7_2_weighted_70_30_50_50_k_40,0.5,0.5,0.4,weighted_70_30,0.7,0.3,10.0,2023_2026,0.3971962083470022,2.6386488596456785,-0.1261321082300051,1.3750000000000002,True,True,True
config/universes/sp500.yaml,sp500_dynamic,a7_2_weighted_70_30_40_60_k_20,0.4,0.6,0.2,weighted_70_30,0.7,0.3,10.0,2008_crisis,0.03286138252647053,0.17337387471279564,-0.1346926338097838,1.3750000000000002,True,True,False
config/universes/sp500.yaml,sp500_dynamic,a7_2_weighted_70_30_40_60_k_20,0.4,0.6,0.2,weighted_70_30,0.7,0.3,10.0,2010_2019,0.17988858705675992,1.5874890585286159,-0.18276666648728923,1.3750000000000002,True,True,True
config/universes/sp500.yaml,sp500_dynamic,a7_2_weighted_70_30_40_60_k_20,0.4,0.6,0.2,weighted_70_30,0.7,0.3,10.0,2020,0.2565819903419293,1.1775284924591445,-0.2518352683534397,1.3750000000000002,True,True,True
config/universes/sp500.yaml,sp500_dynamic,a7_2_weighted_70_30_40_60_k_20,0.4,0.6,0.2,weighted_70_30,0.7,0.3,10.0,2022,-0.0313963294865095,-0.205085681801793,-0.12225831366517048,1.3750000000000002,True,True,False
config/universes/sp500.yaml,sp500_dynamic,a7_2_weighted_70_30_40_60_k_20,0.4,0.6,0.2,weighted_70_30,0.7,0.3,10.0,2023_2026,0.35650032324838477,2.4969160289397427,-0.12800315357678804,1.3750000000000002,True,True,True
config/universes/sp500.yaml,sp500_dynamic,a7_2_weighted_70_30_40_60_k_30,0.4,0.6,0.3,weighted_70_30,0.7,0.3,10.0,2008_crisis,0.02152602901979339,0.1143834916848101,-0.1346926338097839,1.3750000000000002,True,True,False
config/universes/sp500.yaml,sp500_dynamic,a7_2_weighted_70_30_40_60_k_30,0.4,0.6,0.3,weighted_70_30,0.7,0.3,10.0,2010_2019,0.17531352235811104,1.5862230266029473,-0.18185438650909924,1.3750000000000002,True,True,True
config/universes/sp500.yaml,sp500_dynamic,a7_2_weighted_70_30_40_60_k_30,0.4,0.6,0.3,weighted_70_30,0.7,0.3,10.0,2020,0.23082255848287447,1.0769593448901482,-0.25076453488382144,1.3750000000000002,True,True,True
config/universes/sp500.yaml,sp500_dynamic,a7_2_weighted_70_30_40_60_k_30,0.4,0.6,0.3,weighted_70_30,0.7,0.3,10.0,2022,-0.04097482646157469,-0.2872306675506685,-0.11669908110033544,1.3750000000000002,True,True,False
config/universes/sp500.yaml,sp500_dynamic,a7_2_weighted_70_30_40_60_k_30,0.4,0.6,0.3,weighted_70_30,0.7,0.3,10.0,2023_2026,0.3409855251178717,2.4886752654488493,-0.12483749915952602,1.3750000000000002,True,True,True
config/universes/sp500.yaml,sp500_dynamic,a7_2_weighted_70_30_40_60_k_40,0.4,0.6,0.4,weighted_70_30,0.7,0.3,10.0,2008_crisis,0.021909414955559647,0.11643071721322908,-0.1346926338097847,1.3750000000000002,True,True,False
config/universes/sp500.yaml,sp500_dynamic,a7_2_weighted_70_30_40_60_k_40,0.4,0.6,0.4,weighted_70_30,0.7,0.3,10.0,2010_2019,0.17113578831095788,1.5656159529953892,-0.18298447208301638,1.3750000000000002,True,True,True
config/universes/sp500.yaml,sp500_dynamic,a7_2_weighted_70_30_40_60_k_40,0.4,0.6,0.4,weighted_70_30,0.7,0.3,10.0,2020,0.22414787884024445,1.0482994055787411,-0.2507044024167675,1.3750000000000002,True,True,True
config/universes/sp500.yaml,sp500_dynamic,a7_2_weighted_70_30_40_60_k_40,0.4,0.6,0.4,weighted_70_30,0.7,0.3,10.0,2022,-0.03961587715626402,-0.28319572897073564,-0.11247052462433549,1.3750000000000002,True,True,False
config/universes/sp500.yaml,sp500_dynamic,a7_2_weighted_70_30_40_60_k_40,0.4,0.6,0.4,weighted_70_30,0.7,0.3,10.0,2023_2026,0.3274559460020172,2.4417441952598904,-0.12423289184098629,1.3750000000000002,True,True,True
config/universes/sp500.yaml,sp500_dynamic,a7_2_weighted_30_70_60_40_k_20,0.6,0.4,0.2,weighted_30_70,0.3,0.7,10.0,2008_crisis,-0.010742121300676533,-0.032859855205396596,-0.21649214577975595,1.2922263767978335,True,True,False
config/universes/sp500.yaml,sp500_dynamic,a7_2_weighted_30_70_60_40_k_20,0.6,0.4,0.2,weighted_30_70,0.3,0.7,10.0,2010_2019,0.2016665223981946,1.3065987959771088,-0.24141677991707133,1.2922263767978335,True,True,True
config/universes/sp500.yaml,sp500_dynamic,a7_2_weighted_30_70_60_40_k_20,0.6,0.4,0.2,weighted_30_70,0.3,0.7,10.0,2020,0.345071441324198,0.9970930020498254,-0.36758840326708053,1.2922263767978335,True,True,True
config/universes/sp500.yaml,sp500_dynamic,a7_2_weighted_30_70_60_40_k_20,0.6,0.4,0.2,weighted_30_70,0.3,0.7,10.0,2022,-0.16655860732012218,-0.6040908904094584,-0.2352890966346156,1.2922263767978335,True,True,False
config/universes/sp500.yaml,sp500_dynamic,a7_2_weighted_30_70_60_40_k_20,0.6,0.4,0.2,weighted_30_70,0.3,0.7,10.0,2023_2026,0.4791870458579932,2.2573821532870277,-0.2091972559851124,1.2922263767978335,True,True,True
config/universes/sp500.yaml,sp500_dynamic,a7_2_weighted_30_70_60_40_k_30,0.6,0.4,0.3,weighted_30_70,0.3,0.7,10.0,2008_crisis,0.03029040216480383,0.11923160798525839,-0.1656816185130945,1.3383395651967505,True,True,False
config/universes/sp500.yaml,sp500_dynamic,a7_2_weighted_30_70_60_40_k_30,0.6,0.4,0.3,weighted_30_70,0.3,0.7,10.0,2010_2019,0.2070040536876876,1.4140723054498554,-0.22882114992266323,1.3383395651967505,True,True,True
config/universes/sp500.yaml,sp500_dynamic,a7_2_weighted_30_70_60_40_k_30,0.6,0.4,0.3,weighted_30_70,0.3,0.7,10.0,2020,0.36857695646929955,1.2038554626429858,-0.3219452678216558,1.3383395651967505,True,True,True
config/universes/sp500.yaml,sp500_dynamic,a7_2_weighted_30_70_60_40_k_30,0.6,0.4,0.3,weighted_30_70,0.3,0.7,10.0,2022,-0.12298371892076576,-0.5041802763725068,-0.20505393649510628,1.3383395651967505,True,True,False
config/universes/sp500.yaml,sp500_dynamic,a7_2_weighted_30_70_60_40_k_30,0.6,0.4,0.3,weighted_30_70,0.3,0.7,10.0,2023_2026,0.4739066696076,2.342801790877471,-0.19194135974570692,1.3383395651967505,True,True,True
config/universes/sp500.yaml,sp500_dynamic,a7_2_weighted_30_70_60_40_k_40,0.6,0.4,0.4,weighted_30_70,0.3,0.7,10.0,2008_crisis,0.04495473990375887,0.21882014565442798,-0.13469263380978502,1.375,True,True,False
config/universes/sp500.yaml,sp500_dynamic,a7_2_weighted_30_70_60_40_k_40,0.6,0.4,0.4,weighted_30_70,0.3,0.7,10.0,2010_2019,0.21209321267246306,1.523067754628865,-0.21612093722796244,1.375,True,True,True
config/universes/sp500.yaml,sp500_dynamic,a7_2_weighted_30_70_60_40_k_40,0.6,0.4,0.4,weighted_30_70,0.3,0.7,10.0,2020,0.3775211357028476,1.3843532275632187,-0.2850223195479582,1.375,True,True,True
config/universes/sp500.yaml,sp500_dynamic,a7_2_weighted_30_70_60_40_k_40,0.6,0.4,0.4,weighted_30_70,0.3,0.7,10.0,2022,-0.07840392762414228,-0.3666149150020166,-0.1749847235576404,1.375,True,True,False
config/universes/sp500.yaml,sp500_dynamic,a7_2_weighted_30_70_60_40_k_40,0.6,0.4,0.4,weighted_30_70,0.3,0.7,10.0,2023_2026,0.46837985078310274,2.4304483931139207,-0.175376673038801,1.375,True,True,True
config/universes/sp500.yaml,sp500_dynamic,a7_2_weighted_30_70_50_50_k_20,0.5,0.5,0.2,weighted_30_70,0.3,0.7,10.0,2008_crisis,0.023296948130649087,0.0954297500866003,-0.16430640747014125,1.3422263767978335,True,True,False
config/universes/sp500.yaml,sp500_dynamic,a7_2_weighted_30_70_50_50_k_20,0.5,0.5,0.2,weighted_30_70,0.3,0.7,10.0,2010_2019,0.18978939446186827,1.4134001159126663,-0.21758026696314026,1.3422263767978335,True,True,True
config/universes/sp500.yaml,sp500_dynamic,a7_2_weighted_30_70_50_50_k_20,0.5,0.5,0.2,weighted_30_70,0.3,0.7,10.0,2020,0.32564070053258987,1.1491665998235605,-0.30886600078708637,1.3422263767978335,True,True,True
config/universes/sp500.yaml,sp500_dynamic,a7_2_weighted_30_70_50_50_k_20,0.5,0.5,0.2,weighted_30_70,0.3,0.7,10.0,2022,-0.1047697984615309,-0.4843353077955191,-0.1823826230076856,1.3422263767978335,True,True,False
config/universes/sp500.yaml,sp500_dynamic,a7_2_weighted_30_70_50_50_k_20,0.5,0.5,0.2,weighted_30_70,0.3,0.7,10.0,2023_2026,0.41908006668639697,2.32210569092031,-0.1746207706935654,1.3422263767978335,True,True,True
config/universes/sp500.yaml,sp500_dynamic,a7_2_weighted_30_70_50_50_k_30,0.5,0.5,0.3,weighted_30_70,0.3,0.7,10.0,2008_crisis,0.038718572061527956,0.19588114308108018,-0.13469263380978402,1.375,True,True,False
config/universes/sp500.yaml,sp500_dynamic,a7_2_weighted_30_70_50_50_k_30,0.5,0.5,0.3,weighted_30_70,0.3,0.7,10.0,2010_2019,0.19437462537901995,1.5242518475693145,-0.20480668970282623,1.375,True,True,True
config/universes/sp500.yaml,sp500_dynamic,a7_2_weighted_30_70_50_50_k_30,0.5,0.5,0.3,weighted_30_70,0.3,0.7,10.0,2020,0.3308769627817998,1.3194112963445774,-0.27303310937278935,1.375,True,True,True
config/universes/sp500.yaml,sp500_dynamic,a7_2_weighted_30_70_50_50_k_30,0.5,0.5,0.3,weighted_30_70,0.3,0.7,10.0,2022,-0.06035087752200419,-0.3230854086631845,-0.1516925942610451,1.375,True,True,False
config/universes/sp500.yaml,sp500_dynamic,a7_2_weighted_30_70_50_50_k_30,0.5,0.5,0.3,weighted_30_70,0.3,0.7,10.0,2023_2026,0.4134205099944577,2.416261687008768,-0.15814971710738723,1.375,True,True,True
config/universes/sp500.yaml,sp500_dynamic,a7_2_weighted_30_70_50_50_k_40,0.5,0.5,0.4,weighted_30_70,0.3,0.7,10.0,2008_crisis,0.032168286348863484,0.16919963172469427,-0.1346926338097839,1.3750000000000002,True,True,False
config/universes/sp500.yaml,sp500_dynamic,a7_2_weighted_30_70_50_50_k_40,0.5,0.5,0.4,weighted_30_70,0.3,0.7,10.0,2010_2019,0.19386138308497447,1.582260429139388,-0.19193426201344044,1.3750000000000002,True,True,True
config/universes/sp500.yaml,sp500_dynamic,a7_2_weighted_30_70_50_50_k_40,0.5,0.5,0.4,weighted_30_70,0.3,0.7,10.0,2020,0.3126661507768178,1.3329976939624681,-0.26284819120180447,1.3750000000000002,True,True,True
config/universes/sp500.yaml,sp500_dynamic,a7_2_weighted_30_70_50_50_k_40,0.5,0.5,0.4,weighted_30_70,0.3,0.7,10.0,2022,-0.03997467066780325,-0.24303692754442416,-0.13328955736836634,1.3750000000000002,True,True,False
config/universes/sp500.yaml,sp500_dynamic,a7_2_weighted_30_70_50_50_k_40,0.5,0.5,0.4,weighted_30_70,0.3,0.7,10.0,2023_2026,0.40640213074406306,2.5025112560386704,-0.14473885993560376,1.3750000000000002,True,True,True
config/universes/sp500.yaml,sp500_dynamic,a7_2_weighted_30_70_40_60_k_20,0.4,0.6,0.2,weighted_30_70,0.3,0.7,10.0,2008_crisis,0.03196183680236553,0.1669028941988164,-0.1346926338097838,1.375,True,True,False
config/universes/sp500.yaml,sp500_dynamic,a7_2_weighted_30_70_40_60_k_20,0.4,0.6,0.2,weighted_30_70,0.3,0.7,10.0,2010_2019,0.17596229471083236,1.5041254363670629,-0.19353821141475835,1.375,True,True,True
config/universes/sp500.yaml,sp500_dynamic,a7_2_weighted_30_70_40_60_k_20,0.4,0.6,0.2,weighted_30_70,0.3,0.7,10.0,2020,0.2866493115466675,1.2425937331600307,-0.26070051573288044,1.375,True,True,True
config/universes/sp500.yaml,sp500_dynamic,a7_2_weighted_30_70_40_60_k_20,0.4,0.6,0.2,weighted_30_70,0.3,0.7,10.0,2022,-0.045886948782303705,-0.28445548478357285,-0.12974023556229386,1.375,True,True,False
config/universes/sp500.yaml,sp500_dynamic,a7_2_weighted_30_70_40_60_k_20,0.4,0.6,0.2,weighted_30_70,0.3,0.7,10.0,2023_2026,0.35969457582668474,2.3916126350057336,-0.1416804431017129,1.375,True,True,True
config/universes/sp500.yaml,sp500_dynamic,a7_2_weighted_30_70_40_60_k_30,0.4,0.6,0.3,weighted_30_70,0.3,0.7,10.0,2008_crisis,0.02279131641247023,0.12098657734823941,-0.13469263380978413,1.3750000000000002,True,True,False
config/universes/sp500.yaml,sp500_dynamic,a7_2_weighted_30_70_40_60_k_30,0.4,0.6,0.3,weighted_30_70,0.3,0.7,10.0,2010_2019,0.17501155769992072,1.5461661176202768,-0.18423550649905873,1.3750000000000002,True,True,True
config/universes/sp500.yaml,sp500_dynamic,a7_2_weighted_30_70_40_60_k_30,0.4,0.6,0.3,weighted_30_70,0.3,0.7,10.0,2020,0.270690101256168,1.2280631586862667,-0.253831795263162,1.3750000000000002,True,True,True
config/universes/sp500.yaml,sp500_dynamic,a7_2_weighted_30_70_40_60_k_30,0.4,0.6,0.3,weighted_30_70,0.3,0.7,10.0,2022,-0.04396228112988465,-0.29948426918759324,-0.12174913030562962,1.3750000000000002,True,True,False
config/universes/sp500.yaml,sp500_dynamic,a7_2_weighted_30_70_40_60_k_30,0.4,0.6,0.3,weighted_30_70,0.3,0.7,10.0,2023_2026,0.3498072111825894,2.4507332828391735,-0.13146149912914673,1.3750000000000002,True,True,True
config/universes/sp500.yaml,sp500_dynamic,a7_2_weighted_30_70_40_60_k_40,0.4,0.6,0.4,weighted_30_70,0.3,0.7,10.0,2008_crisis,0.02151404429459558,0.11432174928338872,-0.1346926338097839,1.3750000000000002,True,True,False
config/universes/sp500.yaml,sp500_dynamic,a7_2_weighted_30_70_40_60_k_40,0.4,0.6,0.4,weighted_30_70,0.3,0.7,10.0,2010_2019,0.17437603247163347,1.568275281089292,-0.18283246925866603,1.3750000000000002,True,True,True
config/universes/sp500.yaml,sp500_dynamic,a7_2_weighted_30_70_40_60_k_40,0.4,0.6,0.4,weighted_30_70,0.3,0.7,10.0,2020,0.2575414313035218,1.1884620220459683,-0.2518315590998995,1.3750000000000002,True,True,True
config/universes/sp500.yaml,sp500_dynamic,a7_2_weighted_30_70_40_60_k_40,0.4,0.6,0.4,weighted_30_70,0.3,0.7,10.0,2022,-0.04411822810753485,-0.3099563996178016,-0.11636801395011653,1.3750000000000002,True,True,False
config/universes/sp500.yaml,sp500_dynamic,a7_2_weighted_30_70_40_60_k_40,0.4,0.6,0.4,weighted_30_70,0.3,0.7,10.0,2023_2026,0.34245140076458735,2.4800237185074456,-0.1274321922519116,1.3750000000000002,True,True,True
